image,method,mse,psnr_db,ssim,orig_width,orig_height,pipeline,target_width,target_height,category,aspect_ratio,replicate
abstract_texture_portrait_r1.png,simple_resize,0.052402834933699134,60.937255784116964,0.9997416424066397,810,1080,preprocessing_only,1080,1080,abstract_texture,portrait,1
abstract_texture_portrait_r1.png,simple_resize,2.1294299649443684,44.84816999782101,0.994119953651319,810,1080,instagram_standard,1080,1080,abstract_texture,portrait,1
abstract_texture_portrait_r1.png,simple_resize,1.2489330894680688,47.16541188829393,0.9962388118130558,810,1080,instagram_high_quality,1080,1080,abstract_texture,portrait,1
abstract_texture_portrait_r1.png,simple_resize,2.607423792104862,43.96868736828591,0.9928370023407825,810,1080,instagram_low_quality,1080,1080,abstract_texture,portrait,1
abstract_texture_portrait_r1.png,simple_resize,2.1294299649443684,44.84816999782101,0.994119953651319,810,1080,instagram_square,1080,1080,abstract_texture,portrait,1
abstract_texture_portrait_r1.png,simple_resize,3.5847820454199053,42.58617605145524,0.9920556842812808,810,1080,instagram_landscape,1080,1080,abstract_texture,portrait,1
abstract_texture_portrait_r1.png,padding_resize,0.0,inf,1.0,810,1080,preprocessing_only,1080,1080,abstract_texture,portrait,1
abstract_texture_portrait_r1.png,padding_resize,1591.5933657216888,16.112482406703045,0.6000727731298704,810,1080,instagram_standard,1080,1080,abstract_texture,portrait,1
abstract_texture_portrait_r1.png,padding_resize,1591.7149851394604,16.11215055922718,0.6007347485998601,810,1080,instagram_high_quality,1080,1080,abstract_texture,portrait,1
abstract_texture_portrait_r1.png,padding_resize,1591.1609857491237,16.113662392442368,0.5993827241115858,810,1080,instagram_low_quality,1080,1080,abstract_texture,portrait,1
abstract_texture_portrait_r1.png,padding_resize,1591.5933657216888,16.112482406703045,0.6000727731298704,810,1080,instagram_square,1080,1080,abstract_texture,portrait,1
abstract_texture_portrait_r1.png,padding_resize,1588.5384522176498,16.120826290300037,0.598600620523899,810,1080,instagram_landscape,1080,1080,abstract_texture,portrait,1
abstract_texture_portrait_r2.png,simple_resize,0.0,inf,1.0,810,1080,preprocessing_only,1080,1080,abstract_texture,portrait,2
abstract_texture_portrait_r2.png,simple_resize,0.7762319006249048,49.2308887399615,0.9962360411202834,810,1080,instagram_standard,1080,1080,abstract_texture,portrait,2
abstract_texture_portrait_r2.png,simple_resize,0.5890367322054565,50.429379827247345,0.9970096245467983,810,1080,instagram_high_quality,1080,1080,abstract_texture,portrait,2
abstract_texture_portrait_r2.png,simple_resize,1.729282883706752,45.75214317979327,0.9953050908984435,810,1080,instagram_low_quality,1080,1080,abstract_texture,portrait,2
abstract_texture_portrait_r2.png,simple_resize,0.7762319006249048,49.2308887399615,0.9962360411202834,810,1080,instagram_square,1080,1080,abstract_texture,portrait,2
abstract_texture_portrait_r2.png,simple_resize,0.9579324798049078,48.31745462104152,0.9957597535241547,810,1080,instagram_landscape,1080,1080,abstract_texture,portrait,2
abstract_texture_portrait_r2.png,padding_resize,0.0,inf,1.0,810,1080,preprocessing_only,1080,1080,abstract_texture,portrait,2
abstract_texture_portrait_r2.png,padding_resize,221.63950045724738,24.674331982146654,0.9700028846267273,810,1080,instagram_standard,1080,1080,abstract_texture,portrait,2
abstract_texture_portrait_r2.png,padding_resize,221.4286568358482,24.678465352000607,0.9703712107544308,810,1080,instagram_high_quality,1080,1080,abstract_texture,portrait,2
abstract_texture_portrait_r2.png,padding_resize,212.9174291266575,24.848691472280183,0.9698292246481306,810,1080,instagram_low_quality,1080,1080,abstract_texture,portrait,2
abstract_texture_portrait_r2.png,padding_resize,221.63950045724738,24.674331982146654,0.9700028846267273,810,1080,instagram_square,1080,1080,abstract_texture,portrait,2
abstract_texture_portrait_r2.png,padding_resize,221.6763919372047,24.67360916726514,0.9701847749944995,810,1080,instagram_landscape,1080,1080,abstract_texture,portrait,2
abstract_texture_portrait_r3.png,simple_resize,0.04229728699893309,61.86767848792606,0.9997850645431338,810,1080,preprocessing_only,1080,1080,abstract_texture,portrait,3
abstract_texture_portrait_r3.png,simple_resize,1.186014327084286,47.389904255192064,0.9939650653337564,810,1080,instagram_standard,1080,1080,abstract_texture,portrait,3
abstract_texture_portrait_r3.png,simple_resize,0.7394958847736626,49.44144599336977,0.9959205139144149,810,1080,instagram_high_quality,1080,1080,abstract_texture,portrait,3
abstract_texture_portrait_r3.png,simple_resize,1.3341178936137783,46.878861517644424,0.9928470206576202,810,1080,instagram_low_quality,1080,1080,abstract_texture,portrait,3
abstract_texture_portrait_r3.png,simple_resize,1.186014327084286,47.389904255192064,0.9939650653337564,810,1080,instagram_square,1080,1080,abstract_texture,portrait,3
abstract_texture_portrait_r3.png,simple_resize,1.6758981100442005,45.88832749670719,0.992336352020461,810,1080,instagram_landscape,1080,1080,abstract_texture,portrait,3
abstract_texture_portrait_r3.png,padding_resize,0.0,inf,1.0,810,1080,preprocessing_only,1080,1080,abstract_texture,portrait,3
abstract_texture_portrait_r3.png,padding_resize,1726.8391521871665,15.758284741231519,0.6739538181750984,810,1080,instagram_standard,1080,1080,abstract_texture,portrait,3
abstract_texture_portrait_r3.png,padding_resize,1730.9749866636184,15.747895686900629,0.6752227251475142,810,1080,instagram_high_quality,1080,1080,abstract_texture,portrait,3
abstract_texture_portrait_r3.png,padding_resize,1728.9770614235636,15.752911294003805,0.6737285028250131,810,1080,instagram_low_quality,1080,1080,abstract_texture,portrait,3
abstract_texture_portrait_r3.png,padding_resize,1726.8391521871665,15.758284741231519,0.6739538181750984,810,1080,instagram_square,1080,1080,abstract_texture,portrait,3
abstract_texture_portrait_r3.png,padding_resize,1728.6106302392927,15.753831814644862,0.6735128138150842,810,1080,instagram_landscape,1080,1080,abstract_texture,portrait,3
abstract_texture_square_r1.png,simple_resize,0.0,inf,1.0,1080,1080,preprocessing_only,1080,1080,abstract_texture,square,1
abstract_texture_square_r1.png,simple_resize,2.586079675354367,44.004384598000634,0.9943596458451663,1080,1080,instagram_standard,1080,1080,abstract_texture,square,1
abstract_texture_square_r1.png,simple_resize,1.5469964563328762,46.23591041995201,0.9963834054769067,1080,1080,instagram_high_quality,1080,1080,abstract_texture,square,1
abstract_texture_square_r1.png,simple_resize,3.0377463420210336,43.305288542969734,0.9932714441876525,1080,1080,instagram_low_quality,1080,1080,abstract_texture,square,1
abstract_texture_square_r1.png,simple_resize,2.586079675354367,44.004384598000634,0.9943596458451663,1080,1080,instagram_square,1080,1080,abstract_texture,square,1
abstract_texture_square_r1.png,simple_resize,4.446725537265661,41.65040036305308,0.9929403929457603,1080,1080,instagram_landscape,1080,1080,abstract_texture,square,1
abstract_texture_square_r1.png,padding_resize,0.0,inf,1.0,1080,1080,preprocessing_only,1080,1080,abstract_texture,square,1
abstract_texture_square_r1.png,padding_resize,2.586079675354367,44.004384598000634,0.9943596458451663,1080,1080,instagram_standard,1080,1080,abstract_texture,square,1
abstract_texture_square_r1.png,padding_resize,1.5469964563328762,46.23591041995201,0.9963834054769067,1080,1080,instagram_high_quality,1080,1080,abstract_texture,square,1
abstract_texture_square_r1.png,padding_resize,3.0377463420210336,43.305288542969734,0.9932714441876525,1080,1080,instagram_low_quality,1080,1080,abstract_texture,square,1
abstract_texture_square_r1.png,padding_resize,2.586079675354367,44.004384598000634,0.9943596458451663,1080,1080,instagram_square,1080,1080,abstract_texture,square,1
abstract_texture_square_r1.png,padding_resize,4.446725537265661,41.65040036305308,0.9929403929457603,1080,1080,instagram_landscape,1080,1080,abstract_texture,square,1
abstract_texture_square_r2.png,simple_resize,0.0,inf,1.0,1080,1080,preprocessing_only,1080,1080,abstract_texture,square,2
abstract_texture_square_r2.png,simple_resize,1.4971236282578875,46.37822696227384,0.9939203346161029,1080,1080,instagram_standard,1080,1080,abstract_texture,square,2
abstract_texture_square_r2.png,simple_resize,0.8775077160493827,48.698294169004924,0.9962401004366042,1080,1080,instagram_high_quality,1080,1080,abstract_texture,square,2
abstract_texture_square_r2.png,simple_resize,1.7721682098765432,45.6457541918929,0.9928585059431362,1080,1080,instagram_low_quality,1080,1080,abstract_texture,square,2
abstract_texture_square_r2.png,simple_resize,1.4971236282578875,46.37822696227384,0.9939203346161029,1080,1080,instagram_square,1080,1080,abstract_texture,square,2
abstract_texture_square_r2.png,simple_resize,2.1431890146319157,44.82019886330173,0.9931485213107669,1080,1080,instagram_landscape,1080,1080,abstract_texture,square,2
abstract_texture_square_r2.png,padding_resize,0.0,inf,1.0,1080,1080,preprocessing_only,1080,1080,abstract_texture,square,2
abstract_texture_square_r2.png,padding_resize,1.4971236282578875,46.37822696227384,0.9939203346161029,1080,1080,instagram_standard,1080,1080,abstract_texture,square,2
abstract_texture_square_r2.png,padding_resize,0.8775077160493827,48.698294169004924,0.9962401004366042,1080,1080,instagram_high_quality,1080,1080,abstract_texture,square,2
abstract_texture_square_r2.png,padding_resize,1.7721682098765432,45.6457541918929,0.9928585059431362,1080,1080,instagram_low_quality,1080,1080,abstract_texture,square,2
abstract_texture_square_r2.png,padding_resize,1.4971236282578875,46.37822696227384,0.9939203346161029,1080,1080,instagram_square,1080,1080,abstract_texture,square,2
abstract_texture_square_r2.png,padding_resize,2.1431890146319157,44.82019886330173,0.9931485213107669,1080,1080,instagram_landscape,1080,1080,abstract_texture,square,2
abstract_texture_square_r3.png,simple_resize,0.0,inf,1.0,1080,1080,preprocessing_only,1080,1080,abstract_texture,square,3
abstract_texture_square_r3.png,simple_resize,0.8941092249657064,48.616897851342074,0.9962291914357218,1080,1080,instagram_standard,1080,1080,abstract_texture,square,3
abstract_texture_square_r3.png,simple_resize,0.6396502057613169,50.071378169422715,0.9970592447044169,1080,1080,instagram_high_quality,1080,1080,abstract_texture,square,3
abstract_texture_square_r3.png,simple_resize,1.1564603337905808,47.49949619663825,0.9955981376477753,1080,1080,instagram_low_quality,1080,1080,abstract_texture,square,3
abstract_texture_square_r3.png,simple_resize,0.8941092249657064,48.616897851342074,0.9962291914357218,1080,1080,instagram_square,1080,1080,abstract_texture,square,3
abstract_texture_square_r3.png,simple_resize,1.1145398948331047,47.659847422501485,0.9959325705831823,1080,1080,instagram_landscape,1080,1080,abstract_texture,square,3
abstract_texture_square_r3.png,padding_resize,0.0,inf,1.0,1080,1080,preprocessing_only,1080,1080,abstract_texture,square,3
abstract_texture_square_r3.png,padding_resize,0.8941092249657064,48.616897851342074,0.9962291914357218,1080,1080,instagram_standard,1080,1080,abstract_texture,square,3
abstract_texture_square_r3.png,padding_resize,0.6396502057613169,50.071378169422715,0.9970592447044169,1080,1080,instagram_high_quality,1080,1080,abstract_texture,square,3
abstract_texture_square_r3.png,padding_resize,1.1564603337905808,47.49949619663825,0.9955981376477753,1080,1080,instagram_low_quality,1080,1080,abstract_texture,square,3
abstract_texture_square_r3.png,padding_resize,0.8941092249657064,48.616897851342074,0.9962291914357218,1080,1080,instagram_square,1080,1080,abstract_texture,square,3
abstract_texture_square_r3.png,padding_resize,1.1145398948331047,47.659847422501485,0.9959325705831823,1080,1080,instagram_landscape,1080,1080,abstract_texture,square,3
abstract_texture_very_tall_r1.png,simple_resize,0.0115546410608139,67.50323901985632,0.999949918152155,540,1080,preprocessing_only,1080,1080,abstract_texture,very_tall,1
abstract_texture_very_tall_r1.png,simple_resize,1.2620427526291724,47.120062936646725,0.9953783871621107,540,1080,instagram_standard,1080,1080,abstract_texture,very_tall,1
abstract_texture_very_tall_r1.png,simple_resize,0.7699965706447188,49.26591569920612,0.9971124051285373,540,1080,instagram_high_quality,1080,1080,abstract_texture,very_tall,1
abstract_texture_very_tall_r1.png,simple_resize,1.516597508001829,46.32210022828038,0.9945795652585452,540,1080,instagram_low_quality,1080,1080,abstract_texture,very_tall,1
abstract_texture_very_tall_r1.png,simple_resize,1.2620427526291724,47.120062936646725,0.9953783871621107,540,1080,instagram_square,1080,1080,abstract_texture,very_tall,1
abstract_texture_very_tall_r1.png,simple_resize,2.2424548468221306,44.62356653844496,0.9935948642757192,540,1080,instagram_landscape,1080,1080,abstract_texture,very_tall,1
abstract_texture_very_tall_r1.png,padding_resize,0.0,inf,1.0,540,1080,preprocessing_only,1080,1080,abstract_texture,very_tall,1
abstract_texture_very_tall_r1.png,padding_resize,3007.5966232281667,13.34860772317125,0.5320796687945506,540,1080,instagram_standard,1080,1080,abstract_texture,very_tall,1
abstract_texture_very_tall_r1.png,padding_resize,3007.626579218107,13.348564467183257,0.5322493663264356,540,1080,instagram_high_quality,1080,1080,abstract_texture,very_tall,1
abstract_texture_very_tall_r1.png,padding_resize,3008.0059350708734,13.348016720447195,0.5318655624730901,540,1080,instagram_low_quality,1080,1080,abstract_texture,very_tall,1
abstract_texture_very_tall_r1.png,padding_resize,3007.5966232281667,13.34860772317125,0.5320796687945506,540,1080,instagram_square,1080,1080,abstract_texture,very_tall,1
abstract_texture_very_tall_r1.png,padding_resize,3005.8523519661635,13.351127167198797,0.5318214460596344,540,1080,instagram_landscape,1080,1080,abstract_texture,very_tall,1
abstract_texture_very_tall_r2.png,simple_resize,0.011109396433470508,67.67389896232503,0.9999566881603275,540,1080,preprocessing_only,1080,1080,abstract_texture,very_tall,2
abstract_texture_very_tall_r2.png,simple_resize,1.6208619112940101,46.03334343994449,0.9950806060180183,540,1080,instagram_standard,1080,1080,abstract_texture,very_tall,2
abstract_texture_very_tall_r2.png,simple_resize,0.9588625971650663,48.313239826527514,0.997029762679437,540,1080,instagram_high_quality,1080,1080,abstract_texture,very_tall,2
abstract_texture_very_tall_r2.png,simple_resize,1.916820987654321,45.30498804955981,0.9941886630243665,540,1080,instagram_low_quality,1080,1080,abstract_texture,very_tall,2
abstract_texture_very_tall_r2.png,simple_resize,1.6208619112940101,46.03334343994449,0.9950806060180183,540,1080,instagram_square,1080,1080,abstract_texture,very_tall,2
abstract_texture_very_tall_r2.png,simple_resize,2.626908436213992,43.93635425630387,0.9936900674719586,540,1080,instagram_landscape,1080,1080,abstract_texture,very_tall,2
abstract_texture_very_tall_r2.png,padding_resize,0.0,inf,1.0,540,1080,preprocessing_only,1080,1080,abstract_texture,very_tall,2
abstract_texture_very_tall_r2.png,padding_resize,1895.2296959304983,15.354185082367223,0.542295017963753,540,1080,instagram_standard,1080,1080,abstract_texture,very_tall,2
abstract_texture_very_tall_r2.png,padding_resize,1895.341924439872,15.353927916814222,0.5426256657805487,540,1080,instagram_high_quality,1080,1080,abstract_texture,very_tall,2
abstract_texture_very_tall_r2.png,padding_resize,1895.2589020347507,15.354118156694783,0.5421519600912252,540,1080,instagram_low_quality,1080,1080,abstract_texture,very_tall,2
abstract_texture_very_tall_r2.png,padding_resize,1895.2296959304983,15.354185082367223,0.542295017963753,540,1080,instagram_square,1080,1080,abstract_texture,very_tall,2
abstract_texture_very_tall_r2.png,padding_resize,1894.063455647005,15.356858360550918,0.5415408082879772,540,1080,instagram_landscape,1080,1080,abstract_texture,very_tall,2
abstract_texture_very_tall_r3.png,simple_resize,0.00896376314586191,68.60589988440428,0.9999528745921021,540,1080,preprocessing_only,1080,1080,abstract_texture,very_tall,3
abstract_texture_very_tall_r3.png,simple_resize,1.3058384773662552,46.971908996461444,0.9952244506073534,540,1080,instagram_standard,1080,1080,abstract_texture,very_tall,3
abstract_texture_very_tall_r3.png,simple_resize,0.8489763374485597,48.84184775051202,0.9965126657877623,540,1080,instagram_high_quality,1080,1080,abstract_texture,very_tall,3
abstract_texture_very_tall_r3.png,simple_resize,1.580248056698674,46.14355095939024,0.9945629361238051,540,1080,instagram_low_quality,1080,1080,abstract_texture,very_tall,3
abstract_texture_very_tall_r3.png,simple_resize,1.3058384773662552,46.971908996461444,0.9952244506073534,540,1080,instagram_square,1080,1080,abstract_texture,very_tall,3
abstract_texture_very_tall_r3.png,simple_resize,1.9983773433927754,45.124028636245164,0.9939031708496183,540,1080,instagram_landscape,1080,1080,abstract_texture,very_tall,3
abstract_texture_very_tall_r3.png,padding_resize,0.0,inf,1.0,540,1080,preprocessing_only,1080,1080,abstract_texture,very_tall,3
abstract_texture_very_tall_r3.png,padding_resize,470.8700634430727,21.40179280734731,0.8185075205090122,540,1080,instagram_standard,1080,1080,abstract_texture,very_tall,3
abstract_texture_very_tall_r3.png,padding_resize,470.7082178783722,21.403285803474272,0.819148236125697,540,1080,instagram_high_quality,1080,1080,abstract_texture,very_tall,3
abstract_texture_very_tall_r3.png,padding_resize,474.28723936899866,21.37038920690381,0.8182219873686284,540,1080,instagram_low_quality,1080,1080,abstract_texture,very_tall,3
abstract_texture_very_tall_r3.png,padding_resize,470.8700634430727,21.40179280734731,0.8185075205090122,540,1080,instagram_square,1080,1080,abstract_texture,very_tall,3
abstract_texture_very_tall_r3.png,padding_resize,468.6114843392775,21.422674331497316,0.8179497325111863,540,1080,instagram_landscape,1080,1080,abstract_texture,very_tall,3
abstract_texture_very_wide_r1.png,simple_resize,0.15587004484953704,56.20317700499733,0.9987519444386801,1920,960,preprocessing_only,1080,1080,abstract_texture,very_wide,1
abstract_texture_very_wide_r1.png,simple_resize,1.3854940682870371,46.714756900897704,0.9941930062864913,1920,960,instagram_standard,1080,1080,abstract_texture,very_wide,1
abstract_texture_very_wide_r1.png,simple_resize,0.8789451316550926,48.69118595877386,0.9958017409863266,1920,960,instagram_high_quality,1080,1080,abstract_texture,very_wide,1
abstract_texture_very_wide_r1.png,simple_resize,1.6514301215277778,45.95220159151073,0.9934721048392137,1920,960,instagram_low_quality,1080,1080,abstract_texture,very_wide,1
abstract_texture_very_wide_r1.png,simple_resize,1.3854940682870371,46.714756900897704,0.9941930062864913,1920,960,instagram_square,1080,1080,abstract_texture,very_wide,1
abstract_texture_very_wide_r1.png,simple_resize,1.9213391565393518,45.29476327181356,0.9939207299349886,1920,960,instagram_landscape,1080,1080,abstract_texture,very_wide,1
abstract_texture_very_wide_r1.png,padding_resize,0.22529586226851853,54.60327145222426,0.9982729544937124,1920,960,preprocessing_only,1080,1080,abstract_texture,very_wide,1
abstract_texture_very_wide_r1.png,padding_resize,424.07734935619214,21.85635284145807,0.8422889431102021,1920,960,instagram_standard,1080,1080,abstract_texture,very_wide,1
abstract_texture_very_wide_r1.png,padding_resize,423.59651258680555,21.86127984905884,0.8430211132072803,1920,960,instagram_high_quality,1080,1080,abstract_texture,very_wide,1
abstract_texture_very_wide_r1.png,padding_resize,424.5996750217014,21.851007034362716,0.8421169559404412,1920,960,instagram_low_quality,1080,1080,abstract_texture,very_wide,1
abstract_texture_very_wide_r1.png,padding_resize,424.07734935619214,21.85635284145807,0.8422889431102021,1920,960,instagram_square,1080,1080,abstract_texture,very_wide,1
abstract_texture_very_wide_r1.png,padding_resize,423.84417317708335,21.858741438226986,0.8423382832863859,1920,960,instagram_landscape,1080,1080,abstract_texture,very_wide,1
abstract_texture_very_wide_r2.png,simple_resize,0.056230287905092595,60.63110053718583,0.9995132978733436,1920,960,preprocessing_only,1080,1080,abstract_texture,very_wide,2
abstract_texture_very_wide_r2.png,simple_resize,0.8840520109953703,48.66602544470428,0.996624388247623,1920,960,instagram_standard,1080,1080,abstract_texture,very_wide,2
abstract_texture_very_wide_r2.png,simple_resize,0.5967068142361112,50.37319363465837,0.9972044406440385,1920,960,instagram_high_quality,1080,1080,abstract_texture,very_wide,2
abstract_texture_very_wide_r2.png,simple_resize,1.1380814163773147,47.56907029020962,0.9962273471996093,1920,960,instagram_low_quality,1080,1080,abstract_texture,very_wide,2
abstract_texture_very_wide_r2.png,simple_resize,0.8840520109953703,48.66602544470428,0.996624388247623,1920,960,instagram_square,1080,1080,abstract_texture,very_wide,2
abstract_texture_very_wide_r2.png,simple_resize,1.1031273509837962,47.70454708231085,0.9964247126062676,1920,960,instagram_landscape,1080,1080,abstract_texture,very_wide,2
abstract_texture_very_wide_r2.png,padding_resize,0.12486436631944445,57.16641843381035,0.9988990610069548,1920,960,preprocessing_only,1080,1080,abstract_texture,very_wide,2
abstract_texture_very_wide_r2.png,padding_resize,320.06524468315973,23.078418434304588,0.9710998524616582,1920,960,instagram_standard,1080,1080,abstract_texture,very_wide,2
abstract_texture_very_wide_r2.png,padding_resize,319.79211570457176,23.08212608612815,0.9711891736180881,1920,960,instagram_high_quality,1080,1080,abstract_texture,very_wide,2
abstract_texture_very_wide_r2.png,padding_resize,320.23522334346063,23.076112616969432,0.9709563035347095,1920,960,instagram_low_quality,1080,1080,abstract_texture,very_wide,2
abstract_texture_very_wide_r2.png,padding_resize,320.06524468315973,23.078418434304588,0.9710998524616582,1920,960,instagram_square,1080,1080,abstract_texture,very_wide,2
abstract_texture_very_wide_r2.png,padding_resize,319.9933454499421,23.07939413999317,0.9711023827023721,1920,960,instagram_landscape,1080,1080,abstract_texture,very_wide,2
abstract_texture_very_wide_r3.png,simple_resize,0.14453161168981482,56.53117515291097,0.9991648151510966,1920,960,preprocessing_only,1080,1080,abstract_texture,very_wide,3
abstract_texture_very_wide_r3.png,simple_resize,1.5652741608796297,46.184899447814836,0.9947420783387918,1920,960,instagram_standard,1080,1080,abstract_texture,very_wide,3
abstract_texture_very_wide_r3.png,simple_resize,0.9170473451967592,48.5068860292209,0.9962723577298555,1920,960,instagram_high_quality,1080,1080,abstract_texture,very_wide,3
abstract_texture_very_wide_r3.png,simple_resize,1.6811179832175926,45.8748216696307,0.9940194207819903,1920,960,instagram_low_quality,1080,1080,abstract_texture,very_wide,3
abstract_texture_very_wide_r3.png,simple_resize,1.5652741608796297,46.184899447814836,0.9947420783387918,1920,960,instagram_square,1080,1080,abstract_texture,very_wide,3
abstract_texture_very_wide_r3.png,simple_resize,2.2949376085069444,44.52309477813574,0.9941863352801886,1920,960,instagram_landscape,1080,1080,abstract_texture,very_wide,3
abstract_texture_very_wide_r3.png,padding_resize,0.2137129267939815,54.83249568860583,0.9987468237986759,1920,960,preprocessing_only,1080,1080,abstract_texture,very_wide,3
abstract_texture_very_wide_r3.png,padding_resize,2359.256076569734,14.403052785641787,0.7589704290322872,1920,960,instagram_standard,1080,1080,abstract_texture,very_wide,3
abstract_texture_very_wide_r3.png,padding_resize,2362.9440498408567,14.396269224065321,0.7593343864869833,1920,960,instagram_high_quality,1080,1080,abstract_texture,very_wide,3
abstract_texture_very_wide_r3.png,padding_resize,2362.584681893808,14.396929770326013,0.7587144382755847,1920,960,instagram_low_quality,1080,1080,abstract_texture,very_wide,3
abstract_texture_very_wide_r3.png,padding_resize,2359.256076569734,14.403052785641787,0.7589704290322872,1920,960,instagram_square,1080,1080,abstract_texture,very_wide,3
abstract_texture_very_wide_r3.png,padding_resize,2353.012251880787,14.414561723615167,0.758709355004942,1920,960,instagram_landscape,1080,1080,abstract_texture,very_wide,3
abstract_texture_wide_r1.png,simple_resize,0.037899948559670785,62.34441740352774,0.9996549585161185,1440,1080,preprocessing_only,1080,1080,abstract_texture,wide,1
abstract_texture_wide_r1.png,simple_resize,0.9401800411522634,48.39869333447119,0.9965680190973621,1440,1080,instagram_standard,1080,1080,abstract_texture,wide,1
abstract_texture_wide_r1.png,simple_resize,0.6509833676268861,49.99510468213913,0.9973258471625974,1440,1080,instagram_high_quality,1080,1080,abstract_texture,wide,1
abstract_texture_wide_r1.png,simple_resize,1.1437360682441702,47.54754543866874,0.9961316182460298,1440,1080,instagram_low_quality,1080,1080,abstract_texture,wide,1
abstract_texture_wide_r1.png,simple_resize,0.9401800411522634,48.39869333447119,0.9965680190973621,1440,1080,instagram_square,1080,1080,abstract_texture,wide,1
abstract_texture_wide_r1.png,simple_resize,1.2258528377914952,47.24642024104119,0.9963731121495476,1440,1080,instagram_landscape,1080,1080,abstract_texture,wide,1
abstract_texture_wide_r1.png,padding_resize,0.07164651920438958,59.57885264907007,0.9993632932461755,1440,1080,preprocessing_only,1080,1080,abstract_texture,wide,1
abstract_texture_wide_r1.png,padding_resize,294.5577038323045,23.439099751535387,0.9624863343277977,1440,1080,instagram_standard,1080,1080,abstract_texture,wide,1
abstract_texture_wide_r1.png,padding_resize,294.26770790466395,23.443377543859597,0.9629610871622547,1440,1080,instagram_high_quality,1080,1080,abstract_texture,wide,1
abstract_texture_wide_r1.png,padding_resize,294.7809203532236,23.43580990410431,0.9620696862904456,1440,1080,instagram_low_quality,1080,1080,abstract_texture,wide,1
abstract_texture_wide_r1.png,padding_resize,294.5577038323045,23.439099751535387,0.9624863343277977,1440,1080,instagram_square,1080,1080,abstract_texture,wide,1
abstract_texture_wide_r1.png,padding_resize,294.25648383916325,23.443543197193154,0.9627858481076423,1440,1080,instagram_landscape,1080,1080,abstract_texture,wide,1
abstract_texture_wide_r2.png,simple_resize,0.1003605109739369,58.11517497059572,0.9996012076938796,1440,1080,preprocessing_only,1080,1080,abstract_texture,wide,2
abstract_texture_wide_r2.png,simple_resize,2.106810485253772,44.894548897639545,0.9944778731074172,1440,1080,instagram_standard,1080,1080,abstract_texture,wide,2
abstract_texture_wide_r2.png,simple_resize,1.29461612654321,47.009393483102784,0.9962534087125635,1440,1080,instagram_high_quality,1080,1080,abstract_texture,wide,2
abstract_texture_wide_r2.png,simple_resize,2.5183731995884773,44.11960271906209,0.9934711128038523,1440,1080,instagram_low_quality,1080,1080,abstract_texture,wide,2
abstract_texture_wide_r2.png,simple_resize,2.106810485253772,44.894548897639545,0.9944778731074172,1440,1080,instagram_square,1080,1080,abstract_texture,wide,2
abstract_texture_wide_r2.png,simple_resize,3.6206749399862828,42.54290824757658,0.9928265837663232,1440,1080,instagram_landscape,1080,1080,abstract_texture,wide,2
abstract_texture_wide_r2.png,padding_resize,0.20811385459533607,54.947793677585544,0.9991737325917028,1440,1080,preprocessing_only,1080,1080,abstract_texture,wide,2
abstract_texture_wide_r2.png,padding_resize,8445.075637217078,8.864768172416525,0.5043351371491501,1440,1080,instagram_standard,1080,1080,abstract_texture,wide,2
abstract_texture_wide_r2.png,padding_resize,8445.403501157407,8.86459956914725,0.5049438015259454,1440,1080,instagram_high_quality,1080,1080,abstract_texture,wide,2
abstract_texture_wide_r2.png,padding_resize,8442.23574759945,8.86622885301117,0.5040773740586267,1440,1080,instagram_low_quality,1080,1080,abstract_texture,wide,2
abstract_texture_wide_r2.png,padding_resize,8445.075637217078,8.864768172416525,0.5043351371491501,1440,1080,instagram_square,1080,1080,abstract_texture,wide,2
abstract_texture_wide_r2.png,padding_resize,8428.67189278978,8.87321212704948,0.5040894780204547,1440,1080,instagram_landscape,1080,1080,abstract_texture,wide,2
abstract_texture_wide_r3.png,simple_resize,0.07622920953360768,59.30958944534481,0.9996042940162942,1440,1080,preprocessing_only,1080,1080,abstract_texture,wide,3
abstract_texture_wide_r3.png,simple_resize,2.1498791152263372,44.80666320052822,0.9936447257326555,1440,1080,instagram_standard,1080,1080,abstract_texture,wide,3
abstract_texture_wide_r3.png,simple_resize,1.364116083676269,46.78229031342983,0.995706991156244,1440,1080,instagram_high_quality,1080,1080,abstract_texture,wide,3
abstract_texture_wide_r3.png,simple_resize,2.560516760973937,44.0475273782514,0.9927265836805512,1440,1080,instagram_low_quality,1080,1080,abstract_texture,wide,3
abstract_texture_wide_r3.png,simple_resize,2.1498791152263372,44.80666320052822,0.9936447257326555,1440,1080,instagram_square,1080,1080,abstract_texture,wide,3
abstract_texture_wide_r3.png,simple_resize,3.415197830932785,42.79664494901905,0.9932072746825698,1440,1080,instagram_landscape,1080,1080,abstract_texture,wide,3
abstract_texture_wide_r3.png,padding_resize,0.16829153806584363,55.870180812777086,0.9990552647077505,1440,1080,preprocessing_only,1080,1080,abstract_texture,wide,3
abstract_texture_wide_r3.png,padding_resize,1709.6865387088478,15.801638685974048,0.7996025659436552,1440,1080,instagram_standard,1080,1080,abstract_texture,wide,3
abstract_texture_wide_r3.png,padding_resize,1710.1386336162552,15.80049042654654,0.8006361587291034,1440,1080,instagram_high_quality,1080,1080,abstract_texture,wide,3
abstract_texture_wide_r3.png,padding_resize,1710.2714928412208,15.800153039939858,0.7991392759539193,1440,1080,instagram_low_quality,1080,1080,abstract_texture,wide,3
abstract_texture_wide_r3.png,padding_resize,1709.6865387088478,15.801638685974048,0.7996025659436552,1440,1080,instagram_square,1080,1080,abstract_texture,wide,3
abstract_texture_wide_r3.png,padding_resize,1697.6265972222222,15.832381900361645,0.7994229424566369,1440,1080,instagram_landscape,1080,1080,abstract_texture,wide,3
architecture_portrait_r1.png,simple_resize,5.720055631763451,40.556801082199215,0.9969689693253403,810,1080,preprocessing_only,1080,1080,architecture,portrait,1
architecture_portrait_r1.png,simple_resize,36.04725118122237,32.56208208104912,0.9853802476744344,810,1080,instagram_standard,1080,1080,architecture,portrait,1
architecture_portrait_r1.png,simple_resize,27.653045267489713,33.713373962925786,0.9906050867193115,810,1080,instagram_high_quality,1080,1080,architecture,portrait,1
architecture_portrait_r1.png,simple_resize,40.00499504648682,32.1096613989772,0.9836236205005591,810,1080,instagram_low_quality,1080,1080,architecture,portrait,1
architecture_portrait_r1.png,simple_resize,36.04725118122237,32.56208208104912,0.9853802476744344,810,1080,instagram_square,1080,1080,architecture,portrait,1
architecture_portrait_r1.png,simple_resize,149.67944101508917,26.37918208266093,0.9166650533334462,810,1080,instagram_landscape,1080,1080,architecture,portrait,1
architecture_portrait_r1.png,padding_resize,0.0,inf,1.0,810,1080,preprocessing_only,1080,1080,architecture,portrait,1
architecture_portrait_r1.png,padding_resize,4280.245263298278,11.816117055357584,0.5428409022198125,810,1080,instagram_standard,1080,1080,architecture,portrait,1
architecture_portrait_r1.png,padding_resize,4283.330728166438,11.812987520626606,0.5443055037945514,810,1080,instagram_high_quality,1080,1080,architecture,portrait,1
architecture_portrait_r1.png,padding_resize,4261.270898491083,11.835412167214052,0.5421596823490139,810,1080,instagram_low_quality,1080,1080,architecture,portrait,1
architecture_portrait_r1.png,padding_resize,4280.245263298278,11.816117055357584,0.5428409022198125,810,1080,instagram_square,1080,1080,architecture,portrait,1
architecture_portrait_r1.png,padding_resize,4177.608011354976,11.921526735462791,0.5309728262113719,810,1080,instagram_landscape,1080,1080,architecture,portrait,1
architecture_portrait_r2.png,simple_resize,3.2531130925163847,43.0078119933765,0.9977201707831878,810,1080,preprocessing_only,1080,1080,architecture,portrait,2
architecture_portrait_r2.png,simple_resize,28.819633821063864,33.53391902450372,0.9890328985129871,810,1080,instagram_standard,1080,1080,architecture,portrait,2
architecture_portrait_r2.png,simple_resize,22.01817901234568,34.7029896256242,0.9926329758443496,810,1080,instagram_high_quality,1080,1080,architecture,portrait,2
architecture_portrait_r2.png,simple_resize,31.707072854747754,33.119242103485014,0.9869548281055187,810,1080,instagram_low_quality,1080,1080,architecture,portrait,2
architecture_portrait_r2.png,simple_resize,28.819633821063864,33.53391902450372,0.9890328985129871,810,1080,instagram_square,1080,1080,architecture,portrait,2
architecture_portrait_r2.png,simple_resize,101.02098231976832,28.086687736270317,0.9400772818192403,810,1080,instagram_landscape,1080,1080,architecture,portrait,2
architecture_portrait_r2.png,padding_resize,0.0,inf,1.0,810,1080,preprocessing_only,1080,1080,architecture,portrait,2
architecture_portrait_r2.png,padding_resize,3211.513805060204,13.063705676491677,0.6036524731793558,810,1080,instagram_standard,1080,1080,architecture,portrait,2
architecture_portrait_r2.png,padding_resize,3214.3155483158057,13.05991851799179,0.6047562220912116,810,1080,instagram_high_quality,1080,1080,architecture,portrait,2
architecture_portrait_r2.png,padding_resize,3196.70455685109,13.083778607420946,0.6034998575976271,810,1080,instagram_low_quality,1080,1080,architecture,portrait,2
architecture_portrait_r2.png,padding_resize,3211.513805060204,13.063705676491677,0.6036524731793558,810,1080,instagram_square,1080,1080,architecture,portrait,2
architecture_portrait_r2.png,padding_resize,3147.680048773053,13.150897795297272,0.5993462622845024,810,1080,instagram_landscape,1080,1080,architecture,portrait,2
architecture_portrait_r3.png,simple_resize,4.646658664837677,41.459395897064645,0.9971311674134353,810,1080,preprocessing_only,1080,1080,architecture,portrait,3
architecture_portrait_r3.png,simple_resize,27.687752629172383,33.707926546838806,0.9867534625936291,810,1080,instagram_standard,1080,1080,architecture,portrait,3
architecture_portrait_r3.png,simple_resize,20.85374561804603,34.93896289320673,0.9914635927330663,810,1080,instagram_high_quality,1080,1080,architecture,portrait,3
architecture_portrait_r3.png,simple_resize,30.81520957171163,33.24315235190039,0.9844525009900266,810,1080,instagram_low_quality,1080,1080,architecture,portrait,3
architecture_portrait_r3.png,simple_resize,27.687752629172383,33.707926546838806,0.9867534625936291,810,1080,instagram_square,1080,1080,architecture,portrait,3
architecture_portrait_r3.png,simple_resize,121.79368122237464,27.274556036173593,0.9245263640216189,810,1080,instagram_landscape,1080,1080,architecture,portrait,3
architecture_portrait_r3.png,padding_resize,0.0,inf,1.0,810,1080,preprocessing_only,1080,1080,architecture,portrait,3
architecture_portrait_r3.png,padding_resize,3533.323424401768,12.648969682662933,0.5488019998599132,810,1080,instagram_standard,1080,1080,architecture,portrait,3
architecture_portrait_r3.png,padding_resize,3536.142464182289,12.645506073091482,0.5498818917364414,810,1080,instagram_high_quality,1080,1080,architecture,portrait,3
architecture_portrait_r3.png,padding_resize,3526.5370736168265,12.657319070322268,0.5483839628531058,810,1080,instagram_low_quality,1080,1080,architecture,portrait,3
architecture_portrait_r3.png,padding_resize,3533.323424401768,12.648969682662933,0.5488019998599132,810,1080,instagram_square,1080,1080,architecture,portrait,3
architecture_portrait_r3.png,padding_resize,3447.5641697149827,12.755680023960167,0.5400065975711491,810,1080,instagram_landscape,1080,1080,architecture,portrait,3
architecture_square_r1.png,simple_resize,0.0,inf,1.0,1080,1080,preprocessing_only,1080,1080,architecture,square,1
architecture_square_r1.png,simple_resize,35.55711191129401,32.62153882245935,0.978581779944331,1080,1080,instagram_standard,1080,1080,architecture,square,1
architecture_square_r1.png,simple_resize,26.180132030178328,33.95108528437997,0.9867546289255256,1080,1080,instagram_high_quality,1080,1080,architecture,square,1
architecture_square_r1.png,simple_resize,39.19423096707819,32.198582133256465,0.9747190920515731,1080,1080,instagram_low_quality,1080,1080,architecture,square,1
architecture_square_r1.png,simple_resize,35.55711191129401,32.62153882245935,0.978581779944331,1080,1080,instagram_square,1080,1080,architecture,square,1
architecture_square_r1.png,simple_resize,138.23634687928669,26.72458112520785,0.9023173877689097,1080,1080,instagram_landscape,1080,1080,architecture,square,1
architecture_square_r1.png,padding_resize,0.0,inf,1.0,1080,1080,preprocessing_only,1080,1080,architecture,square,1
architecture_square_r1.png,padding_resize,35.55711191129401,32.62153882245935,0.978581779944331,1080,1080,instagram_standard,1080,1080,architecture,square,1
architecture_square_r1.png,padding_resize,26.180132030178328,33.95108528437997,0.9867546289255256,1080,1080,instagram_high_quality,1080,1080,architecture,square,1
architecture_square_r1.png,padding_resize,39.19423096707819,32.198582133256465,0.9747190920515731,1080,1080,instagram_low_quality,1080,1080,architecture,square,1
architecture_square_r1.png,padding_resize,35.55711191129401,32.62153882245935,0.978581779944331,1080,1080,instagram_square,1080,1080,architecture,square,1
architecture_square_r1.png,padding_resize,138.23634687928669,26.72458112520785,0.9023173877689097,1080,1080,instagram_landscape,1080,1080,architecture,square,1
architecture_square_r2.png,simple_resize,0.0,inf,1.0,1080,1080,preprocessing_only,1080,1080,architecture,square,2
architecture_square_r2.png,simple_resize,34.58425297210791,32.742019616135174,0.9810155916076768,1080,1080,instagram_standard,1080,1080,architecture,square,2
architecture_square_r2.png,simple_resize,25.77856538637403,34.0182161628023,0.9882911879365585,1080,1080,instagram_high_quality,1080,1080,architecture,square,2
architecture_square_r2.png,simple_resize,38.832485711019665,32.23885169754576,0.977210593582155,1080,1080,instagram_low_quality,1080,1080,architecture,square,2
architecture_square_r2.png,simple_resize,34.58425297210791,32.742019616135174,0.9810155916076768,1080,1080,instagram_square,1080,1080,architecture,square,2
architecture_square_r2.png,simple_resize,137.65669667352537,26.742830172227137,0.905595437878022,1080,1080,instagram_landscape,1080,1080,architecture,square,2
architecture_square_r2.png,padding_resize,0.0,inf,1.0,1080,1080,preprocessing_only,1080,1080,architecture,square,2
architecture_square_r2.png,padding_resize,34.58425297210791,32.742019616135174,0.9810155916076768,1080,1080,instagram_standard,1080,1080,architecture,square,2
architecture_square_r2.png,padding_resize,25.77856538637403,34.0182161628023,0.9882911879365585,1080,1080,instagram_high_quality,1080,1080,architecture,square,2
architecture_square_r2.png,padding_resize,38.832485711019665,32.23885169754576,0.977210593582155,1080,1080,instagram_low_quality,1080,1080,architecture,square,2
architecture_square_r2.png,padding_resize,34.58425297210791,32.742019616135174,0.9810155916076768,1080,1080,instagram_square,1080,1080,architecture,square,2
architecture_square_r2.png,padding_resize,137.65669667352537,26.742830172227137,0.905595437878022,1080,1080,instagram_landscape,1080,1080,architecture,square,2
architecture_square_r3.png,simple_resize,0.0,inf,1.0,1080,1080,preprocessing_only,1080,1080,architecture,square,3
architecture_square_r3.png,simple_resize,38.598568244170096,32.26509165397934,0.9800815332695365,1080,1080,instagram_standard,1080,1080,architecture,square,3
architecture_square_r3.png,simple_resize,28.820439814814815,33.53379756780999,0.9882423326032093,1080,1080,instagram_high_quality,1080,1080,architecture,square,3
architecture_square_r3.png,simple_resize,43.30155892775492,31.765768289132904,0.9762849421583802,1080,1080,instagram_low_quality,1080,1080,architecture,square,3
architecture_square_r3.png,simple_resize,38.598568244170096,32.26509165397934,0.9800815332695365,1080,1080,instagram_square,1080,1080,architecture,square,3
architecture_square_r3.png,simple_resize,151.91933499085505,26.31467310208158,0.9056009217727993,1080,1080,instagram_landscape,1080,1080,architecture,square,3
architecture_square_r3.png,padding_resize,0.0,inf,1.0,1080,1080,preprocessing_only,1080,1080,architecture,square,3
architecture_square_r3.png,padding_resize,38.598568244170096,32.26509165397934,0.9800815332695365,1080,1080,instagram_standard,1080,1080,architecture,square,3
architecture_square_r3.png,padding_resize,28.820439814814815,33.53379756780999,0.9882423326032093,1080,1080,instagram_high_quality,1080,1080,architecture,square,3
architecture_square_r3.png,padding_resize,43.30155892775492,31.765768289132904,0.9762849421583802,1080,1080,instagram_low_quality,1080,1080,architecture,square,3
architecture_square_r3.png,padding_resize,38.598568244170096,32.26509165397934,0.9800815332695365,1080,1080,instagram_square,1080,1080,architecture,square,3
architecture_square_r3.png,padding_resize,151.91933499085505,26.31467310208158,0.9056009217727993,1080,1080,instagram_landscape,1080,1080,architecture,square,3
architecture_very_tall_r1.png,simple_resize,4.965246913580247,41.17139510747669,0.9967130134959659,540,1080,preprocessing_only,1080,1080,architecture,very_tall,1
architecture_very_tall_r1.png,simple_resize,23.908365912208506,34.34530466875208,0.990913996001197,540,1080,instagram_standard,1080,1080,architecture,very_tall,1
architecture_very_tall_r1.png,simple_resize,17.86435470964792,35.61093027488732,0.9939552051529617,540,1080,instagram_high_quality,1080,1080,architecture,very_tall,1
architecture_very_tall_r1.png,simple_resize,26.23625685871056,33.94178486778843,0.9899154328418484,540,1080,instagram_low_quality,1080,1080,architecture,very_tall,1
architecture_very_tall_r1.png,simple_resize,23.908365912208506,34.34530466875208,0.990913996001197,540,1080,instagram_square,1080,1080,architecture,very_tall,1
architecture_very_tall_r1.png,simple_resize,84.7171622085048,28.851089611932757,0.9455232834426367,540,1080,instagram_landscape,1080,1080,architecture,very_tall,1
architecture_very_tall_r1.png,padding_resize,0.0,inf,1.0,540,1080,preprocessing_only,1080,1080,architecture,very_tall,1
architecture_very_tall_r1.png,padding_resize,4092.1501966163696,12.011287953672316,0.4900948119985875,540,1080,instagram_standard,1080,1080,architecture,very_tall,1
architecture_very_tall_r1.png,padding_resize,4098.097021033379,12.004981249089697,0.49067944376986594,540,1080,instagram_high_quality,1080,1080,architecture,very_tall,1
architecture_very_tall_r1.png,padding_resize,4093.5249165523546,12.009829226616285,0.4900649778238492,540,1080,instagram_low_quality,1080,1080,architecture,very_tall,1
architecture_very_tall_r1.png,padding_resize,4092.1501966163696,12.011287953672316,0.4900948119985875,540,1080,instagram_square,1080,1080,architecture,very_tall,1
architecture_very_tall_r1.png,padding_resize,4057.634834247828,12.048074006267296,0.48598188737703146,540,1080,instagram_landscape,1080,1080,architecture,very_tall,1
architecture_very_tall_r2.png,simple_resize,4.755792181069959,41.35857492336416,0.9972058423245369,540,1080,preprocessing_only,1080,1080,architecture,very_tall,2
architecture_very_tall_r2.png,simple_resize,33.35680155464106,32.89895959602565,0.9914656948069214,540,1080,instagram_standard,1080,1080,architecture,very_tall,2
architecture_very_tall_r2.png,simple_resize,25.296079103795154,34.10027150188062,0.9942972275497262,540,1080,instagram_high_quality,1080,1080,architecture,very_tall,2
architecture_very_tall_r2.png,simple_resize,36.226639231824414,32.540523147377016,0.9903718264400747,540,1080,instagram_low_quality,1080,1080,architecture,very_tall,2
architecture_very_tall_r2.png,simple_resize,33.35680155464106,32.89895959602565,0.9914656948069214,540,1080,instagram_square,1080,1080,architecture,very_tall,2
architecture_very_tall_r2.png,simple_resize,106.26502171925011,27.866900255465154,0.9461929596326404,540,1080,instagram_landscape,1080,1080,architecture,very_tall,2
architecture_very_tall_r2.png,padding_resize,0.0,inf,1.0,540,1080,preprocessing_only,1080,1080,architecture,very_tall,2
architecture_very_tall_r2.png,padding_resize,3670.5171084819385,12.483531081852776,0.5793588738807568,540,1080,instagram_standard,1080,1080,architecture,very_tall,2
architecture_very_tall_r2.png,padding_resize,3671.5467232510287,12.482313015581816,0.5801996955912752,540,1080,instagram_high_quality,1080,1080,architecture,very_tall,2
architecture_very_tall_r2.png,padding_resize,3661.1710356652948,12.49460342964094,0.5792040548409776,540,1080,instagram_low_quality,1080,1080,architecture,very_tall,2
architecture_very_tall_r2.png,padding_resize,3670.5171084819385,12.483531081852776,0.5793588738807568,540,1080,instagram_square,1080,1080,architecture,very_tall,2
architecture_very_tall_r2.png,padding_resize,3623.04385916781,12.54006769400509,0.5739427197531956,540,1080,instagram_landscape,1080,1080,architecture,very_tall,2
architecture_very_tall_r3.png,simple_resize,4.901337448559671,41.22765756906118,0.9970524565688983,540,1080,preprocessing_only,1080,1080,architecture,very_tall,3
architecture_very_tall_r3.png,simple_resize,28.626422610882486,33.56313282403666,0.9913152784520916,540,1080,instagram_standard,1080,1080,architecture,very_tall,3
architecture_very_tall_r3.png,simple_resize,22.017083904892548,34.70320563392871,0.9942823403427258,540,1080,instagram_high_quality,1080,1080,architecture,very_tall,3
architecture_very_tall_r3.png,simple_resize,31.625506973022404,33.1304286466597,0.9897815695726784,540,1080,instagram_low_quality,1080,1080,architecture,very_tall,3
architecture_very_tall_r3.png,simple_resize,28.626422610882486,33.56313282403666,0.9913152784520916,540,1080,instagram_square,1080,1080,architecture,very_tall,3
architecture_very_tall_r3.png,simple_resize,98.35417752629172,28.202875498602836,0.9403721591623685,540,1080,instagram_landscape,1080,1080,architecture,very_tall,3
architecture_very_tall_r3.png,padding_resize,0.0,inf,1.0,540,1080,preprocessing_only,1080,1080,architecture,very_tall,3
architecture_very_tall_r3.png,padding_resize,4079.1068587105624,12.025152783651166,0.4932631023888369,540,1080,instagram_standard,1080,1080,architecture,very_tall,3
architecture_very_tall_r3.png,padding_resize,4081.3804532464565,12.022732806635512,0.49364099130748373,540,1080,instagram_high_quality,1080,1080,architecture,very_tall,3
architecture_very_tall_r3.png,padding_resize,4079.4707910379516,12.02476532934611,0.492714881935208,540,1080,instagram_low_quality,1080,1080,architecture,very_tall,3
architecture_very_tall_r3.png,padding_resize,4079.1068587105624,12.025152783651166,0.4932631023888369,540,1080,instagram_square,1080,1080,architecture,very_tall,3
architecture_very_tall_r3.png,padding_resize,4034.5041472336534,12.072901946358591,0.48852807422317046,540,1080,instagram_landscape,1080,1080,architecture,very_tall,3
architecture_very_wide_r1.png,simple_resize,62.93396213107639,30.14195286398418,0.9671876043546395,1920,960,preprocessing_only,1080,1080,architecture,very_wide,1
architecture_very_wide_r1.png,simple_resize,96.62061451099537,28.280105655782492,0.9458410053405941,1920,960,instagram_standard,1080,1080,architecture,very_wide,1
architecture_very_wide_r1.png,simple_resize,86.42682345920139,28.764318096807727,0.9550434719220688,1920,960,instagram_high_quality,1080,1080,architecture,very_wide,1
architecture_very_wide_r1.png,simple_resize,101.62587565104167,28.060760601867983,0.9415511251830262,1920,960,instagram_low_quality,1080,1080,architecture,very_wide,1
architecture_very_wide_r1.png,simple_resize,96.62061451099537,28.280105655782492,0.9458410053405941,1920,960,instagram_square,1080,1080,architecture,very_wide,1
architecture_very_wide_r1.png,simple_resize,234.26202618634258,24.43378465588556,0.8523018139259346,1920,960,instagram_landscape,1080,1080,architecture,very_wide,1
architecture_very_wide_r1.png,padding_resize,100.84411223234953,28.094298137940456,0.9441303776047749,1920,960,preprocessing_only,1080,1080,architecture,very_wide,1
architecture_very_wide_r1.png,padding_resize,3634.3841218171297,12.52649534437047,0.5330806505883018,1920,960,instagram_standard,1080,1080,architecture,very_wide,1
architecture_very_wide_r1.png,padding_resize,3632.883527560764,12.528288865252923,0.5346800954584664,1920,960,instagram_high_quality,1080,1080,architecture,very_wide,1
architecture_very_wide_r1.png,padding_resize,3620.7082141565393,12.542868335896102,0.5321249852183143,1920,960,instagram_low_quality,1080,1080,architecture,very_wide,1
architecture_very_wide_r1.png,padding_resize,3634.3841218171297,12.52649534437047,0.5330806505883018,1920,960,instagram_square,1080,1080,architecture,very_wide,1
architecture_very_wide_r1.png,padding_resize,3563.596175491898,12.611918766961306,0.5228233969677998,1920,960,instagram_landscape,1080,1080,architecture,very_wide,1
architecture_very_wide_r2.png,simple_resize,51.51920247395833,31.011112294167745,0.9670267878678838,1920,960,preprocessing_only,1080,1080,architecture,very_wide,2
architecture_very_wide_r2.png,simple_resize,91.39548213252314,28.521556326768508,0.9461600242318823,1920,960,instagram_standard,1080,1080,architecture,very_wide,2
architecture_very_wide_r2.png,simple_resize,80.11853642216435,29.09347353715961,0.9551151737646318,1920,960,instagram_high_quality,1080,1080,architecture,very_wide,2
architecture_very_wide_r2.png,simple_resize,96.69836190682871,28.276612437740592,0.9418433286317525,1920,960,instagram_low_quality,1080,1080,architecture,very_wide,2
architecture_very_wide_r2.png,simple_resize,91.39548213252314,28.521556326768508,0.9461600242318823,1920,960,instagram_square,1080,1080,architecture,very_wide,2
architecture_very_wide_r2.png,simple_resize,208.68310709635418,24.935930665306472,0.8566162146033345,1920,960,instagram_landscape,1080,1080,architecture,very_wide,2
architecture_very_wide_r2.png,padding_resize,81.53497413917825,29.01736423078383,0.9459302925798926,1920,960,preprocessing_only,1080,1080,architecture,very_wide,2
architecture_very_wide_r2.png,padding_resize,3559.2810903139466,12.617180735800721,0.5355713114922206,1920,960,instagram_standard,1080,1080,architecture,very_wide,2
architecture_very_wide_r2.png,padding_resize,3562.459731987847,12.613303968406246,0.5378396689232106,1920,960,instagram_high_quality,1080,1080,architecture,very_wide,2
architecture_very_wide_r2.png,padding_resize,3554.4341493055554,12.623098881211076,0.5350247847186316,1920,960,instagram_low_quality,1080,1080,architecture,very_wide,2
architecture_very_wide_r2.png,padding_resize,3559.2810903139466,12.617180735800721,0.5355713114922206,1920,960,instagram_square,1080,1080,architecture,very_wide,2
architecture_very_wide_r2.png,padding_resize,3516.446405707465,12.66976358166653,0.523253775687007,1920,960,instagram_landscape,1080,1080,architecture,very_wide,2
architecture_very_wide_r3.png,simple_resize,58.55137333622685,30.455432748608892,0.9634689407907505,1920,960,preprocessing_only,1080,1080,architecture,very_wide,3
architecture_very_wide_r3.png,simple_resize,106.38465693721065,27.862013634350888,0.9404072915861502,1920,960,instagram_standard,1080,1080,architecture,very_wide,3
architecture_very_wide_r3.png,simple_resize,92.62337745949074,28.463597476166854,0.9501102311776468,1920,960,instagram_high_quality,1080,1080,architecture,very_wide,3
architecture_very_wide_r3.png,simple_resize,113.0375636574074,27.59857572444487,0.9359869567287763,1920,960,instagram_low_quality,1080,1080,architecture,very_wide,3
architecture_very_wide_r3.png,simple_resize,106.38465693721065,27.862013634350888,0.9404072915861502,1920,960,instagram_square,1080,1080,architecture,very_wide,3
architecture_very_wide_r3.png,simple_resize,242.0635130931713,24.29151028908614,0.8467701359076095,1920,960,instagram_landscape,1080,1080,architecture,very_wide,3
architecture_very_wide_r3.png,padding_resize,93.28035120081019,28.432901883298285,0.938841222625655,1920,960,preprocessing_only,1080,1080,architecture,very_wide,3
architecture_very_wide_r3.png,padding_resize,4800.746892722801,11.31771551376869,0.5056279155969141,1920,960,instagram_standard,1080,1080,architecture,very_wide,3
architecture_very_wide_r3.png,padding_resize,4800.808719256365,11.31765958341022,0.5073670218160162,1920,960,instagram_high_quality,1080,1080,architecture,very_wide,3
architecture_very_wide_r3.png,padding_resize,4800.488815646701,11.317948986737143,0.5047545578797775,1920,960,instagram_low_quality,1080,1080,architecture,very_wide,3
architecture_very_wide_r3.png,padding_resize,4800.746892722801,11.31771551376869,0.5056279155969141,1920,960,instagram_square,1080,1080,architecture,very_wide,3
architecture_very_wide_r3.png,padding_resize,4751.7339474826385,11.36228244630221,0.497048907561912,1920,960,instagram_landscape,1080,1080,architecture,very_wide,3
architecture_wide_r1.png,simple_resize,28.46562414266118,33.5875965019296,0.9851183708976851,1440,1080,preprocessing_only,1080,1080,architecture,wide,1
architecture_wide_r1.png,simple_resize,61.57778335048011,30.23656309557984,0.9623085733851063,1440,1080,instagram_standard,1080,1080,architecture,wide,1
architecture_wide_r1.png,simple_resize,51.71494663065844,30.994642800354747,0.9719117894494096,1440,1080,instagram_high_quality,1080,1080,architecture,wide,1
architecture_wide_r1.png,simple_resize,66.53890860768176,29.900046877127533,0.9577652443884941,1440,1080,instagram_low_quality,1080,1080,architecture,wide,1
architecture_wide_r1.png,simple_resize,61.57778335048011,30.23656309557984,0.9623085733851063,1440,1080,instagram_square,1080,1080,architecture,wide,1
architecture_wide_r1.png,simple_resize,193.59296682098764,25.26190785407512,0.8781184539980564,1440,1080,instagram_landscape,1080,1080,architecture,wide,1
architecture_wide_r1.png,padding_resize,50.04128986625514,31.137518653106106,0.9720118305201775,1440,1080,preprocessing_only,1080,1080,architecture,wide,1
architecture_wide_r1.png,padding_resize,2887.1709276406036,13.526078649214853,0.5679137770238357,1440,1080,instagram_standard,1080,1080,architecture,wide,1
architecture_wide_r1.png,padding_resize,2887.589468021262,13.525449117370627,0.5703257864776857,1440,1080,instagram_high_quality,1080,1080,architecture,wide,1
architecture_wide_r1.png,padding_resize,2884.346774691358,13.530328880100587,0.5665738951949552,1440,1080,instagram_low_quality,1080,1080,architecture,wide,1
architecture_wide_r1.png,padding_resize,2887.1709276406036,13.526078649214853,0.5679137770238357,1440,1080,instagram_square,1080,1080,architecture,wide,1
architecture_wide_r1.png,padding_resize,2810.3907263803153,13.643136571498752,0.5527779747883522,1440,1080,instagram_landscape,1080,1080,architecture,wide,1
architecture_wide_r2.png,simple_resize,35.5529646776406,32.622045395023825,0.9821412908291074,1440,1080,preprocessing_only,1080,1080,architecture,wide,2
architecture_wide_r2.png,simple_resize,64.8806884430727,30.009649113811896,0.957887292818684,1440,1080,instagram_standard,1080,1080,architecture,wide,2
architecture_wide_r2.png,simple_resize,55.316185913923185,30.70228133278098,0.9679364012754736,1440,1080,instagram_high_quality,1080,1080,architecture,wide,2
architecture_wide_r2.png,simple_resize,69.23444573045268,29.727581411413105,0.9536549123880816,1440,1080,instagram_low_quality,1080,1080,architecture,wide,2
architecture_wide_r2.png,simple_resize,64.8806884430727,30.009649113811896,0.957887292818684,1440,1080,instagram_square,1080,1080,architecture,wide,2
architecture_wide_r2.png,simple_resize,210.5727413408779,24.89678209837252,0.8666943865146507,1440,1080,instagram_landscape,1080,1080,architecture,wide,2
architecture_wide_r2.png,padding_resize,59.14279363854595,30.41178526082783,0.9680932438823177,1440,1080,preprocessing_only,1080,1080,architecture,wide,2
architecture_wide_r2.png,padding_resize,3345.428574888546,12.886285987681102,0.556821267630128,1440,1080,instagram_standard,1080,1080,architecture,wide,2
architecture_wide_r2.png,padding_resize,3349.342033607682,12.881208610665958,0.559198379572884,1440,1080,instagram_high_quality,1080,1080,architecture,wide,2
architecture_wide_r2.png,padding_resize,3344.69092292524,12.88724369308123,0.555114897023154,1440,1080,instagram_low_quality,1080,1080,architecture,wide,2
architecture_wide_r2.png,padding_resize,3345.428574888546,12.886285987681102,0.556821267630128,1440,1080,instagram_square,1080,1080,architecture,wide,2
architecture_wide_r2.png,padding_resize,3239.0828937328533,13.026582983686616,0.5417560071045807,1440,1080,instagram_landscape,1080,1080,architecture,wide,2
architecture_wide_r3.png,simple_resize,27.153330975651578,33.792572475467104,0.9855212727102691,1440,1080,preprocessing_only,1080,1080,architecture,wide,3
architecture_wide_r3.png,simple_resize,73.08976851851853,29.49223774429132,0.9634685229858944,1440,1080,instagram_standard,1080,1080,architecture,wide,3
architecture_wide_r3.png,simple_resize,60.361541923868316,30.323200356544437,0.9727898155010977,1440,1080,instagram_high_quality,1080,1080,architecture,wide,3
architecture_wide_r3.png,simple_resize,78.73440672153635,29.16915801521814,0.959155642950971,1440,1080,instagram_low_quality,1080,1080,architecture,wide,3
architecture_wide_r3.png,simple_resize,73.08976851851853,29.49223774429132,0.9634685229858944,1440,1080,instagram_square,1080,1080,architecture,wide,3
architecture_wide_r3.png,simple_resize,206.11256944444443,24.989758835287258,0.8809518957142747,1440,1080,instagram_landscape,1080,1080,architecture,wide,3
architecture_wide_r3.png,padding_resize,46.09900055727023,31.493888510350452,0.9731480687063208,1440,1080,preprocessing_only,1080,1080,architecture,wide,3
architecture_wide_r3.png,padding_resize,2978.328435356653,13.3910777295945,0.5844836113661774,1440,1080,instagram_standard,1080,1080,architecture,wide,3
architecture_wide_r3.png,padding_resize,2979.956062457133,13.388705001383293,0.5864813654064638,1440,1080,instagram_high_quality,1080,1080,architecture,wide,3
architecture_wide_r3.png,padding_resize,2978.072455632716,13.391451010653608,0.58339276825519,1440,1080,instagram_low_quality,1080,1080,architecture,wide,3
architecture_wide_r3.png,padding_resize,2978.328435356653,13.3910777295945,0.5844836113661774,1440,1080,instagram_square,1080,1080,architecture,wide,3
architecture_wide_r3.png,padding_resize,2902.0155621999315,13.503806238346169,0.5694828720404933,1440,1080,instagram_landscape,1080,1080,architecture,wide,3
coral_portrait_r1.png,simple_resize,1.3402773967383022,46.8588566742484,0.9995123126192561,810,1080,preprocessing_only,1080,1080,coral,portrait,1
coral_portrait_r1.png,simple_resize,23.759449778997105,34.37243981827789,0.9920550398834985,810,1080,instagram_standard,1080,1080,coral,portrait,1
coral_portrait_r1.png,simple_resize,19.032618884316417,35.335818096406356,0.9944016104413014,810,1080,instagram_high_quality,1080,1080,coral,portrait,1
coral_portrait_r1.png,simple_resize,25.911454808718183,33.99588563564778,0.9906877256788369,810,1080,instagram_low_quality,1080,1080,coral,portrait,1
coral_portrait_r1.png,simple_resize,23.759449778997105,34.37243981827789,0.9920550398834985,810,1080,instagram_square,1080,1080,coral,portrait,1
coral_portrait_r1.png,simple_resize,55.618987197073615,30.678572846232463,0.9809588840363095,810,1080,instagram_landscape,1080,1080,coral,portrait,1
coral_portrait_r1.png,padding_resize,0.0,inf,1.0,810,1080,preprocessing_only,1080,1080,coral,portrait,1
coral_portrait_r1.png,padding_resize,2368.999393004115,14.385154114220542,0.8907086148866404,810,1080,instagram_standard,1080,1080,coral,portrait,1
coral_portrait_r1.png,padding_resize,2369.186218183204,14.384811632304217,0.8915826015685036,810,1080,instagram_high_quality,1080,1080,coral,portrait,1
coral_portrait_r1.png,padding_resize,2368.9161842706903,14.38530665849106,0.8900164616130688,810,1080,instagram_low_quality,1080,1080,coral,portrait,1
coral_portrait_r1.png,padding_resize,2368.999393004115,14.385154114220542,0.8907086148866404,810,1080,instagram_square,1080,1080,coral,portrait,1
coral_portrait_r1.png,padding_resize,2334.7204153330285,14.44845479969204,0.8881745274895168,810,1080,instagram_landscape,1080,1080,coral,portrait,1
coral_portrait_r2.png,simple_resize,1.1836979881115683,47.39839451409825,0.9996429059528924,810,1080,preprocessing_only,1080,1080,coral,portrait,2
coral_portrait_r2.png,simple_resize,15.734429583904893,36.16229357695752,0.993171353378224,810,1080,instagram_standard,1080,1080,coral,portrait,2
coral_portrait_r2.png,simple_resize,12.34453055936595,37.21605781735918,0.9950657630604284,810,1080,instagram_high_quality,1080,1080,coral,portrait,2
coral_portrait_r2.png,simple_resize,17.35106348117665,35.73754262153003,0.9919774170353358,810,1080,instagram_low_quality,1080,1080,coral,portrait,2
coral_portrait_r2.png,simple_resize,15.734429583904893,36.16229357695752,0.993171353378224,810,1080,instagram_square,1080,1080,coral,portrait,2
coral_portrait_r2.png,simple_resize,39.36016651425088,32.18023433810147,0.984842640647534,810,1080,instagram_landscape,1080,1080,coral,portrait,2
coral_portrait_r2.png,padding_resize,0.0,inf,1.0,810,1080,preprocessing_only,1080,1080,coral,portrait,2
coral_portrait_r2.png,padding_resize,2030.0103821825942,15.05582101815249,0.9167642788631223,810,1080,instagram_standard,1080,1080,coral,portrait,2
coral_portrait_r2.png,padding_resize,2022.8695637098003,15.07112480859034,0.9174945821374408,810,1080,instagram_high_quality,1080,1080,coral,portrait,2
coral_portrait_r2.png,padding_resize,2022.1506073769242,15.07266862670832,0.916352363871577,810,1080,instagram_low_quality,1080,1080,coral,portrait,2
coral_portrait_r2.png,padding_resize,2030.0103821825942,15.05582101815249,0.9167642788631223,810,1080,instagram_square,1080,1080,coral,portrait,2
coral_portrait_r2.png,padding_resize,2004.8701406035666,15.10994113111577,0.9141363615213081,810,1080,instagram_landscape,1080,1080,coral,portrait,2
coral_portrait_r3.png,simple_resize,1.0638271604938272,47.86209286800987,0.9996858554842379,810,1080,preprocessing_only,1080,1080,coral,portrait,3
coral_portrait_r3.png,simple_resize,15.481824417009602,36.23258223154576,0.9937562922281996,810,1080,instagram_standard,1080,1080,coral,portrait,3
coral_portrait_r3.png,simple_resize,12.202932098765432,37.26616166150743,0.9953750378470373,810,1080,instagram_high_quality,1080,1080,coral,portrait,3
coral_portrait_r3.png,simple_resize,17.019847584209725,35.821246942869706,0.9926724948390644,810,1080,instagram_low_quality,1080,1080,coral,portrait,3
coral_portrait_r3.png,simple_resize,15.481824417009602,36.23258223154576,0.9937562922281996,810,1080,instagram_square,1080,1080,coral,portrait,3
coral_portrait_r3.png,simple_resize,37.80827503429355,32.354934973159274,0.9872529432095319,810,1080,instagram_landscape,1080,1080,coral,portrait,3
coral_portrait_r3.png,padding_resize,0.0,inf,1.0,810,1080,preprocessing_only,1080,1080,coral,portrait,3
coral_portrait_r3.png,padding_resize,2546.293702560585,14.071718649105375,0.9163953904950445,810,1080,instagram_standard,1080,1080,coral,portrait,3
coral_portrait_r3.png,padding_resize,2546.481393842402,14.071398535664319,0.9171437631869587,810,1080,instagram_high_quality,1080,1080,coral,portrait,3
coral_portrait_r3.png,padding_resize,2545.924354138089,14.072348653477869,0.9159753728582178,810,1080,instagram_low_quality,1080,1080,coral,portrait,3
coral_portrait_r3.png,padding_resize,2546.293702560585,14.071718649105375,0.9163953904950445,810,1080,instagram_square,1080,1080,coral,portrait,3
coral_portrait_r3.png,padding_resize,2519.68091563786,14.11734814273595,0.9144772617139186,810,1080,instagram_landscape,1080,1080,coral,portrait,3
coral_square_r1.png,simple_resize,0.0,inf,1.0,1080,1080,preprocessing_only,1080,1080,coral,square,1
coral_square_r1.png,simple_resize,18.175508116140833,35.53593799991496,0.9925811104466963,1080,1080,instagram_standard,1080,1080,coral,square,1
coral_square_r1.png,simple_resize,14.453564529035209,36.53105395132806,0.9946331143518718,1080,1080,instagram_high_quality,1080,1080,coral,square,1
coral_square_r1.png,simple_resize,20.059285265203474,35.10764906306549,0.9916331341224821,1080,1080,instagram_low_quality,1080,1080,coral,square,1
coral_square_r1.png,simple_resize,18.175508116140833,35.53593799991496,0.9925811104466963,1080,1080,instagram_square,1080,1080,coral,square,1
coral_square_r1.png,simple_resize,43.260096021947874,31.76992881785276,0.9861253143659123,1080,1080,instagram_landscape,1080,1080,coral,square,1
coral_square_r1.png,padding_resize,0.0,inf,1.0,1080,1080,preprocessing_only,1080,1080,coral,square,1
coral_square_r1.png,padding_resize,18.175508116140833,35.53593799991496,0.9925811104466963,1080,1080,instagram_standard,1080,1080,coral,square,1
coral_square_r1.png,padding_resize,14.453564529035209,36.53105395132806,0.9946331143518718,1080,1080,instagram_high_quality,1080,1080,coral,square,1
coral_square_r1.png,padding_resize,20.059285265203474,35.10764906306549,0.9916331341224821,1080,1080,instagram_low_quality,1080,1080,coral,square,1
coral_square_r1.png,padding_resize,18.175508116140833,35.53593799991496,0.9925811104466963,1080,1080,instagram_square,1080,1080,coral,square,1
coral_square_r1.png,padding_resize,43.260096021947874,31.76992881785276,0.9861253143659123,1080,1080,instagram_landscape,1080,1080,coral,square,1
coral_square_r2.png,simple_resize,0.0,inf,1.0,1080,1080,preprocessing_only,1080,1080,coral,square,2
coral_square_r2.png,simple_resize,21.10875542981253,34.88617732766254,0.9899156253150536,1080,1080,instagram_standard,1080,1080,coral,square,2
coral_square_r2.png,simple_resize,16.17203246456333,36.04315756380491,0.9932148085160305,1080,1080,instagram_high_quality,1080,1080,coral,square,2
coral_square_r2.png,simple_resize,23.366297439414723,34.44490460158361,0.9885012969798026,1080,1080,instagram_low_quality,1080,1080,coral,square,2
coral_square_r2.png,simple_resize,21.10875542981253,34.88617732766254,0.9899156253150536,1080,1080,instagram_square,1080,1080,coral,square,2
coral_square_r2.png,simple_resize,52.74251428898034,30.909195316599703,0.9786747140859805,1080,1080,instagram_landscape,1080,1080,coral,square,2
coral_square_r2.png,padding_resize,0.0,inf,1.0,1080,1080,preprocessing_only,1080,1080,coral,square,2
coral_square_r2.png,padding_resize,21.10875542981253,34.88617732766254,0.9899156253150536,1080,1080,instagram_standard,1080,1080,coral,square,2
coral_square_r2.png,padding_resize,16.17203246456333,36.04315756380491,0.9932148085160305,1080,1080,instagram_high_quality,1080,1080,coral,square,2
coral_square_r2.png,padding_resize,23.366297439414723,34.44490460158361,0.9885012969798026,1080,1080,instagram_low_quality,1080,1080,coral,square,2
coral_square_r2.png,padding_resize,21.10875542981253,34.88617732766254,0.9899156253150536,1080,1080,instagram_square,1080,1080,coral,square,2
coral_square_r2.png,padding_resize,52.74251428898034,30.909195316599703,0.9786747140859805,1080,1080,instagram_landscape,1080,1080,coral,square,2
coral_square_r3.png,simple_resize,0.0,inf,1.0,1080,1080,preprocessing_only,1080,1080,coral,square,3
coral_square_r3.png,simple_resize,26.471110825331504,33.90308194587736,0.9875588938579175,1080,1080,instagram_standard,1080,1080,coral,square,3
coral_square_r3.png,simple_resize,19.907091335162324,35.14072551838482,0.9917809989974595,1080,1080,instagram_high_quality,1080,1080,coral,square,3
coral_square_r3.png,simple_resize,29.604762517146778,33.4171877925014,0.9861304203789256,1080,1080,instagram_low_quality,1080,1080,coral,square,3
coral_square_r3.png,simple_resize,26.471110825331504,33.90308194587736,0.9875588938579175,1080,1080,instagram_square,1080,1080,coral,square,3
coral_square_r3.png,simple_resize,69.00915009144947,29.74173682148574,0.9716969241349991,1080,1080,instagram_landscape,1080,1080,coral,square,3
coral_square_r3.png,padding_resize,0.0,inf,1.0,1080,1080,preprocessing_only,1080,1080,coral,square,3
coral_square_r3.png,padding_resize,26.471110825331504,33.90308194587736,0.9875588938579175,1080,1080,instagram_standard,1080,1080,coral,square,3
coral_square_r3.png,padding_resize,19.907091335162324,35.14072551838482,0.9917809989974595,1080,1080,instagram_high_quality,1080,1080,coral,square,3
coral_square_r3.png,padding_resize,29.604762517146778,33.4171877925014,0.9861304203789256,1080,1080,instagram_low_quality,1080,1080,coral,square,3
coral_square_r3.png,padding_resize,26.471110825331504,33.90308194587736,0.9875588938579175,1080,1080,instagram_square,1080,1080,coral,square,3
coral_square_r3.png,padding_resize,69.00915009144947,29.74173682148574,0.9716969241349991,1080,1080,instagram_landscape,1080,1080,coral,square,3
coral_very_tall_r1.png,simple_resize,1.268590534979424,47.09758894088306,0.9994946927095467,540,1080,preprocessing_only,1080,1080,coral,very_tall,1
coral_very_tall_r1.png,simple_resize,18.366959304983997,35.490430971245026,0.9932302801458067,540,1080,instagram_standard,1080,1080,coral,very_tall,1
coral_very_tall_r1.png,simple_resize,14.476069958847736,36.524296876014006,0.995463315452039,540,1080,instagram_high_quality,1080,1080,coral,very_tall,1
coral_very_tall_r1.png,simple_resize,19.920916209419296,35.13771052104295,0.9922731657869447,540,1080,instagram_low_quality,1080,1080,coral,very_tall,1
coral_very_tall_r1.png,simple_resize,18.366959304983997,35.490430971245026,0.9932302801458067,540,1080,instagram_square,1080,1080,coral,very_tall,1
coral_very_tall_r1.png,simple_resize,45.58334362139918,31.54274182562732,0.9841238113512013,540,1080,instagram_landscape,1080,1080,coral,very_tall,1
coral_very_tall_r1.png,padding_resize,0.0,inf,1.0,540,1080,preprocessing_only,1080,1080,coral,very_tall,1
coral_very_tall_r1.png,padding_resize,3630.6591906721537,12.53094877186954,0.8616718807341981,540,1080,instagram_standard,1080,1080,coral,very_tall,1
coral_very_tall_r1.png,padding_resize,3630.4964814814816,12.531143406737229,0.8621648640024347,540,1080,instagram_high_quality,1080,1080,coral,very_tall,1
coral_very_tall_r1.png,padding_resize,3629.4475525834478,12.53239835865795,0.8615456587265696,540,1080,instagram_low_quality,1080,1080,coral,very_tall,1
coral_very_tall_r1.png,padding_resize,3630.6591906721537,12.53094877186954,0.8616718807341981,540,1080,instagram_square,1080,1080,coral,very_tall,1
coral_very_tall_r1.png,padding_resize,3608.386946159122,12.557672578375252,0.8593933235913933,540,1080,instagram_landscape,1080,1080,coral,very_tall,1
coral_very_tall_r2.png,simple_resize,1.3345484682213078,46.87746009721665,0.9994834374637648,540,1080,preprocessing_only,1080,1080,coral,very_tall,2
coral_very_tall_r2.png,simple_resize,17.273936328303613,35.75689046411867,0.9934982941664274,540,1080,instagram_standard,1080,1080,coral,very_tall,2
coral_very_tall_r2.png,simple_resize,13.67925925925926,36.77017780174324,0.995684243221359,540,1080,instagram_high_quality,1080,1080,coral,very_tall,2
coral_very_tall_r2.png,simple_resize,18.885911636945586,35.36942407482012,0.9926412434148557,540,1080,instagram_low_quality,1080,1080,coral,very_tall,2
coral_very_tall_r2.png,simple_resize,17.273936328303613,35.75689046411867,0.9934982941664274,540,1080,instagram_square,1080,1080,coral,very_tall,2
coral_very_tall_r2.png,simple_resize,40.635246342021034,32.04177463958682,0.9862854788744462,540,1080,instagram_landscape,1080,1080,coral,very_tall,2
coral_very_tall_r2.png,padding_resize,0.0,inf,1.0,540,1080,preprocessing_only,1080,1080,coral,very_tall,2
coral_very_tall_r2.png,padding_resize,3769.6332447416553,12.367812619971264,0.864721270513066,540,1080,instagram_standard,1080,1080,coral,very_tall,2
coral_very_tall_r2.png,padding_resize,3769.096081961591,12.368431522233305,0.865412748010972,540,1080,instagram_high_quality,1080,1080,coral,very_tall,2
coral_very_tall_r2.png,padding_resize,3744.1022988111567,12.397326545619276,0.8647004911156846,540,1080,instagram_low_quality,1080,1080,coral,very_tall,2
coral_very_tall_r2.png,padding_resize,3769.6332447416553,12.367812619971264,0.864721270513066,540,1080,instagram_square,1080,1080,coral,very_tall,2
coral_very_tall_r2.png,padding_resize,3744.536241998171,12.396823225474328,0.8632609423052969,540,1080,instagram_landscape,1080,1080,coral,very_tall,2
coral_very_tall_r3.png,simple_resize,0.8623519661636946,48.77395802973097,0.9996677085834191,540,1080,preprocessing_only,1080,1080,coral,very_tall,3
coral_very_tall_r3.png,simple_resize,14.807235939643347,36.42606364344957,0.9936233156736791,540,1080,instagram_standard,1080,1080,coral,very_tall,3
coral_very_tall_r3.png,simple_resize,11.628721422039323,37.47548394194352,0.9957930418453022,540,1080,instagram_high_quality,1080,1080,coral,very_tall,3
coral_very_tall_r3.png,simple_resize,16.314356995884772,36.00510399424505,0.9928249026373271,540,1080,instagram_low_quality,1080,1080,coral,very_tall,3
coral_very_tall_r3.png,simple_resize,14.807235939643347,36.42606364344957,0.9936233156736791,540,1080,instagram_square,1080,1080,coral,very_tall,3
coral_very_tall_r3.png,simple_resize,33.02493026977595,32.94238451567977,0.9874024918239144,540,1080,instagram_landscape,1080,1080,coral,very_tall,3
coral_very_tall_r3.png,padding_resize,0.0,inf,1.0,540,1080,preprocessing_only,1080,1080,coral,very_tall,3
coral_very_tall_r3.png,padding_resize,3211.6738585962507,13.063489240755501,0.8743288717190886,540,1080,instagram_standard,1080,1080,coral,very_tall,3
coral_very_tall_r3.png,padding_resize,3211.6002051897576,13.063588838772642,0.8750463843643109,540,1080,instagram_high_quality,1080,1080,coral,very_tall,3
coral_very_tall_r3.png,padding_resize,3210.9618701417467,13.064452124752965,0.8743474579926175,540,1080,instagram_low_quality,1080,1080,coral,very_tall,3
coral_very_tall_r3.png,padding_resize,3211.6738585962507,13.063489240755501,0.8743288717190886,540,1080,instagram_square,1080,1080,coral,very_tall,3
coral_very_tall_r3.png,padding_resize,3195.611193987197,13.085264270775653,0.8730689208437895,540,1080,instagram_landscape,1080,1080,coral,very_tall,3
coral_very_wide_r1.png,simple_resize,8.840077763310186,38.66624275489683,0.9966011181569521,1920,960,preprocessing_only,1080,1080,coral,very_wide,1
coral_very_wide_r1.png,simple_resize,24.08133590133102,34.31399785321838,0.9906213124944545,1920,960,instagram_standard,1080,1080,coral,very_wide,1
coral_very_wide_r1.png,simple_resize,20.747286964699075,34.96119046966538,0.9923173872716461,1920,960,instagram_high_quality,1080,1080,coral,very_wide,1
coral_very_wide_r1.png,simple_resize,25.66672290943287,34.037099387567956,0.9897118625700158,1920,960,instagram_low_quality,1080,1080,coral,very_wide,1
coral_very_wide_r1.png,simple_resize,24.08133590133102,34.31399785321838,0.9906213124944545,1920,960,instagram_square,1080,1080,coral,very_wide,1
coral_very_wide_r1.png,simple_resize,47.912634186921295,31.326303122933105,0.9821150722544291,1920,960,instagram_landscape,1080,1080,coral,very_wide,1
coral_very_wide_r1.png,padding_resize,13.37045699508102,36.86934109398739,0.9951794128101086,1920,960,preprocessing_only,1080,1080,coral,very_wide,1
coral_very_wide_r1.png,padding_resize,2697.390730251736,13.821365001764985,0.9163350939493246,1920,960,instagram_standard,1080,1080,coral,very_wide,1
coral_very_wide_r1.png,padding_resize,2705.1384403935185,13.808908650443696,0.916686309910625,1920,960,instagram_high_quality,1080,1080,coral,very_wide,1
coral_very_wide_r1.png,padding_resize,2697.8841957826967,13.820570568262925,0.9160802337372691,1920,960,instagram_low_quality,1080,1080,coral,very_wide,1
coral_very_wide_r1.png,padding_resize,2697.390730251736,13.821365001764985,0.9163350939493246,1920,960,instagram_square,1080,1080,coral,very_wide,1
coral_very_wide_r1.png,padding_resize,2676.480054434317,13.855163495696782,0.9133090166416652,1920,960,instagram_landscape,1080,1080,coral,very_wide,1
coral_very_wide_r2.png,simple_resize,8.614960575810185,38.778270665182525,0.9964224988293156,1920,960,preprocessing_only,1080,1080,coral,very_wide,2
coral_very_wide_r2.png,simple_resize,24.481544596354166,34.24241545902905,0.9899409326079175,1920,960,instagram_standard,1080,1080,coral,very_wide,2
coral_very_wide_r2.png,simple_resize,20.832492585358796,34.94339124943041,0.9918610470364608,1920,960,instagram_high_quality,1080,1080,coral,very_wide,2
coral_very_wide_r2.png,simple_resize,26.295553385416667,33.93198045969283,0.9889916813863755,1920,960,instagram_low_quality,1080,1080,coral,very_wide,2
coral_very_wide_r2.png,simple_resize,24.481544596354166,34.24241545902905,0.9899409326079175,1920,960,instagram_square,1080,1080,coral,very_wide,2
coral_very_wide_r2.png,simple_resize,49.33376645688657,31.199360873072756,0.9799985572759827,1920,960,instagram_landscape,1080,1080,coral,very_wide,2
coral_very_wide_r2.png,padding_resize,11.96490523726852,37.35171097541885,0.9948514784027386,1920,960,preprocessing_only,1080,1080,coral,very_wide,2
coral_very_wide_r2.png,padding_resize,4222.621850585938,11.87498170174053,0.8701556294146067,1920,960,instagram_standard,1080,1080,coral,very_wide,2
coral_very_wide_r2.png,padding_resize,4223.216460322627,11.874370191743651,0.8705904568276276,1920,960,instagram_high_quality,1080,1080,coral,very_wide,2
coral_very_wide_r2.png,padding_resize,4221.841391963252,11.875784473602792,0.8699072884683985,1920,960,instagram_low_quality,1080,1080,coral,very_wide,2
coral_very_wide_r2.png,padding_resize,4222.621850585938,11.87498170174053,0.8701556294146067,1920,960,instagram_square,1080,1080,coral,very_wide,2
coral_very_wide_r2.png,padding_resize,4198.330956488715,11.900036896250077,0.8666322222442381,1920,960,instagram_landscape,1080,1080,coral,very_wide,2
coral_very_wide_r3.png,simple_resize,11.312479021990741,37.59522574015279,0.9953900046824611,1920,960,preprocessing_only,1080,1080,coral,very_wide,3
coral_very_wide_r3.png,simple_resize,30.558995406539353,33.27941287684405,0.9878740612373899,1920,960,instagram_standard,1080,1080,coral,very_wide,3
coral_very_wide_r3.png,simple_resize,26.318843858506945,33.92813553315768,0.9901172580496692,1920,960,instagram_high_quality,1080,1080,coral,very_wide,3
coral_very_wide_r3.png,simple_resize,32.54366735387732,33.00613868757323,0.9868543136701385,1920,960,instagram_low_quality,1080,1080,coral,very_wide,3
coral_very_wide_r3.png,simple_resize,30.558995406539353,33.27941287684405,0.9878740612373899,1920,960,instagram_square,1080,1080,coral,very_wide,3
coral_very_wide_r3.png,simple_resize,60.26841236255787,30.329906097726884,0.9747929652679297,1920,960,instagram_landscape,1080,1080,coral,very_wide,3
coral_very_wide_r3.png,padding_resize,17.6987744140625,35.651371670280355,0.9935446288266023,1920,960,preprocessing_only,1080,1080,coral,very_wide,3
coral_very_wide_r3.png,padding_resize,4409.224574291088,11.687181416307055,0.8982891029867833,1920,960,instagram_standard,1080,1080,coral,very_wide,3
coral_very_wide_r3.png,padding_resize,4410.518673683449,11.68590695691891,0.89896655576696,1920,960,instagram_high_quality,1080,1080,coral,very_wide,3
coral_very_wide_r3.png,padding_resize,4381.258255389178,11.714815072366997,0.897909068387322,1920,960,instagram_low_quality,1080,1080,coral,very_wide,3
coral_very_wide_r3.png,padding_resize,4409.224574291088,11.687181416307055,0.8982891029867833,1920,960,instagram_square,1080,1080,coral,very_wide,3
coral_very_wide_r3.png,padding_resize,4380.425997721354,11.715640130434153,0.8934619505069165,1920,960,instagram_landscape,1080,1080,coral,very_wide,3
coral_wide_r1.png,simple_resize,5.185577632030179,40.982832205033674,0.9979222229801104,1440,1080,preprocessing_only,1080,1080,coral,wide,1
coral_wide_r1.png,simple_resize,26.7233783436214,33.86189000505716,0.989683399112743,1440,1080,instagram_standard,1080,1080,coral,wide,1
coral_wide_r1.png,simple_resize,22.0757306670096,34.691652740135986,0.9918332797724428,1440,1080,instagram_high_quality,1080,1080,coral,wide,1
coral_wide_r1.png,simple_resize,28.969360425240055,33.51141453750278,0.9885234483278881,1440,1080,instagram_low_quality,1080,1080,coral,wide,1
coral_wide_r1.png,simple_resize,26.7233783436214,33.86189000505716,0.989683399112743,1440,1080,instagram_square,1080,1080,coral,wide,1
coral_wide_r1.png,simple_resize,53.847613811728394,30.819138980131143,0.9801203785824549,1440,1080,instagram_landscape,1080,1080,coral,wide,1
coral_wide_r1.png,padding_resize,8.786583719135802,38.692603094939365,0.9967216775003541,1440,1080,preprocessing_only,1080,1080,coral,wide,1
coral_wide_r1.png,padding_resize,2630.54974172668,13.930338424734998,0.9178895276240991,1440,1080,instagram_standard,1080,1080,coral,wide,1
coral_wide_r1.png,padding_resize,2618.1700280778464,13.950825139708932,0.9185242925060503,1440,1080,instagram_high_quality,1080,1080,coral,wide,1
coral_wide_r1.png,padding_resize,2618.7917839077504,13.94979391153893,0.9169345725145013,1440,1080,instagram_low_quality,1080,1080,coral,wide,1
coral_wide_r1.png,padding_resize,2630.54974172668,13.930338424734998,0.9178895276240991,1440,1080,instagram_square,1080,1080,coral,wide,1
coral_wide_r1.png,padding_resize,2599.8555497685184,13.981311420052409,0.9143504688800096,1440,1080,instagram_landscape,1080,1080,coral,wide,1
coral_wide_r2.png,simple_resize,6.538083419067215,39.97629903447442,0.9973245250203806,1440,1080,preprocessing_only,1080,1080,coral,wide,2
coral_wide_r2.png,simple_resize,26.208534807956106,33.946376185403935,0.9888879369649037,1440,1080,instagram_standard,1080,1080,coral,wide,2
coral_wide_r2.png,simple_resize,21.82423053840878,34.7414142023436,0.9912334658603598,1440,1080,instagram_high_quality,1080,1080,coral,wide,2
coral_wide_r2.png,simple_resize,28.296159336419752,33.61352868530644,0.9878829060874073,1440,1080,instagram_low_quality,1080,1080,coral,wide,2
coral_wide_r2.png,simple_resize,26.208534807956106,33.946376185403935,0.9888879369649037,1440,1080,instagram_square,1080,1080,coral,wide,2
coral_wide_r2.png,simple_resize,54.808233667695475,30.742345547952343,0.9782672444669811,1440,1080,instagram_landscape,1080,1080,coral,wide,2
coral_wide_r2.png,padding_resize,10.433661265432098,37.94643627862583,0.9961898617488539,1440,1080,preprocessing_only,1080,1080,coral,wide,2
coral_wide_r2.png,padding_resize,2751.455997085048,13.735177891599362,0.9016396691721742,1440,1080,instagram_standard,1080,1080,coral,wide,2
coral_wide_r2.png,padding_resize,2752.4379779663923,13.733628192842225,0.9026378275659854,1440,1080,instagram_high_quality,1080,1080,coral,wide,2
coral_wide_r2.png,padding_resize,2750.9013160150894,13.73605349787139,0.9010731151294904,1440,1080,instagram_low_quality,1080,1080,coral,wide,2
coral_wide_r2.png,padding_resize,2751.455997085048,13.735177891599362,0.9016396691721742,1440,1080,instagram_square,1080,1080,coral,wide,2
coral_wide_r2.png,padding_resize,2721.9501015946503,13.782002013528095,0.898191964456964,1440,1080,instagram_landscape,1080,1080,coral,wide,2
coral_wide_r3.png,simple_resize,8.947234439300411,38.613915438039676,0.9968515401753407,1440,1080,preprocessing_only,1080,1080,coral,wide,3
coral_wide_r3.png,simple_resize,30.213186299725653,33.328838322375226,0.9870820453853526,1440,1080,instagram_standard,1080,1080,coral,wide,3
coral_wide_r3.png,simple_resize,24.796875214334705,34.186834043430736,0.9900508275475044,1440,1080,instagram_high_quality,1080,1080,coral,wide,3
coral_wide_r3.png,simple_resize,32.731428540809326,32.98115400660675,0.9860674352053114,1440,1080,instagram_low_quality,1080,1080,coral,wide,3
coral_wide_r3.png,simple_resize,30.213186299725653,33.328838322375226,0.9870820453853526,1440,1080,instagram_square,1080,1080,coral,wide,3
coral_wide_r3.png,simple_resize,66.69236153978052,29.89004265048639,0.9734939978413072,1440,1080,instagram_landscape,1080,1080,coral,wide,3
coral_wide_r3.png,padding_resize,13.550318715706448,36.81130850539792,0.9954201276200629,1440,1080,preprocessing_only,1080,1080,coral,wide,3
coral_wide_r3.png,padding_resize,2621.7779612482855,13.94484452418447,0.9051815454597036,1440,1080,instagram_standard,1080,1080,coral,wide,3
coral_wide_r3.png,padding_resize,2594.876585648148,13.989636535761358,0.9062151278172433,1440,1080,instagram_high_quality,1080,1080,coral,wide,3
coral_wide_r3.png,padding_resize,2592.7629756087103,13.993175444804582,0.9044998601561931,1440,1080,instagram_low_quality,1080,1080,coral,wide,3
coral_wide_r3.png,padding_resize,2621.7779612482855,13.94484452418447,0.9051815454597036,1440,1080,instagram_square,1080,1080,coral,wide,3
coral_wide_r3.png,padding_resize,2582.9785303069275,14.009595645312096,0.9001891090485229,1440,1080,instagram_landscape,1080,1080,coral,wide,3
forest_portrait_r1.png,simple_resize,0.0016380887059899406,75.98742944836165,0.9999976442511734,810,1080,preprocessing_only,1080,1080,forest,portrait,1
forest_portrait_r1.png,simple_resize,1.3289311842706903,46.895778683114024,0.9956229314890345,810,1080,instagram_standard,1080,1080,forest,portrait,1
forest_portrait_r1.png,simple_resize,0.910192805974699,48.53946962281405,0.996428636453913,810,1080,instagram_high_quality,1080,1080,forest,portrait,1
forest_portrait_r1.png,simple_resize,1.543267413504039,46.24639174826334,0.9947055906193333,810,1080,instagram_low_quality,1080,1080,forest,portrait,1
forest_portrait_r1.png,simple_resize,1.3289311842706903,46.895778683114024,0.9956229314890345,810,1080,instagram_square,1080,1080,forest,portrait,1
forest_portrait_r1.png,simple_resize,2.4893857643651884,44.169881591755484,0.9933405230887254,810,1080,instagram_landscape,1080,1080,forest,portrait,1
forest_portrait_r1.png,padding_resize,0.0,inf,1.0,810,1080,preprocessing_only,1080,1080,forest,portrait,1
forest_portrait_r1.png,padding_resize,719.376441853376,19.5612414943241,0.9444020230810466,810,1080,instagram_standard,1080,1080,forest,portrait,1
forest_portrait_r1.png,padding_resize,719.2871185794849,19.561780781007563,0.9448650437053876,810,1080,instagram_high_quality,1080,1080,forest,portrait,1
forest_portrait_r1.png,padding_resize,719.6878699893309,19.55936177954064,0.943855741291396,810,1080,instagram_low_quality,1080,1080,forest,portrait,1
forest_portrait_r1.png,padding_resize,719.376441853376,19.5612414943241,0.9444020230810466,810,1080,instagram_square,1080,1080,forest,portrait,1
forest_portrait_r1.png,padding_resize,718.3198140527359,19.567625147393798,0.9434615346725446,810,1080,instagram_landscape,1080,1080,forest,portrait,1
forest_portrait_r2.png,simple_resize,0.002003886602652035,75.11207219139715,0.9999933369430768,810,1080,preprocessing_only,1080,1080,forest,portrait,2
forest_portrait_r2.png,simple_resize,1.4452187166590458,46.53146783498422,0.9955289872334979,810,1080,instagram_standard,1080,1080,forest,portrait,2
forest_portrait_r2.png,simple_resize,0.9785307117817406,48.22505900063439,0.9964211306685796,810,1080,instagram_high_quality,1080,1080,forest,portrait,2
forest_portrait_r2.png,simple_resize,1.7036465477823504,45.81700863318717,0.9946138612281561,810,1080,instagram_low_quality,1080,1080,forest,portrait,2
forest_portrait_r2.png,simple_resize,1.4452187166590458,46.53146783498422,0.9955289872334979,810,1080,instagram_square,1080,1080,forest,portrait,2
forest_portrait_r2.png,simple_resize,2.8772184118274655,43.54107530103376,0.9931442575176911,810,1080,instagram_landscape,1080,1080,forest,portrait,2
forest_portrait_r2.png,padding_resize,0.0,inf,1.0,810,1080,preprocessing_only,1080,1080,forest,portrait,2
forest_portrait_r2.png,padding_resize,799.0642310623381,19.10498670321425,0.9262523771968426,810,1080,instagram_standard,1080,1080,forest,portrait,2
forest_portrait_r2.png,padding_resize,798.7997793781436,19.106424246177532,0.926914485198144,810,1080,instagram_high_quality,1080,1080,forest,portrait,2
forest_portrait_r2.png,padding_resize,802.0366415180613,19.088861511303868,0.925642682603902,810,1080,instagram_low_quality,1080,1080,forest,portrait,2
forest_portrait_r2.png,padding_resize,799.0642310623381,19.10498670321425,0.9262523771968426,810,1080,instagram_square,1080,1080,forest,portrait,2
forest_portrait_r2.png,padding_resize,797.8484971803078,19.11159929523753,0.925046651656024,810,1080,instagram_landscape,1080,1080,forest,portrait,2
forest_portrait_r3.png,simple_resize,0.001981786313062033,75.1602353617834,0.9999975007826376,810,1080,preprocessing_only,1080,1080,forest,portrait,3
forest_portrait_r3.png,simple_resize,1.5225422953818015,46.305109949352214,0.9955607451320634,810,1080,instagram_standard,1080,1080,forest,portrait,3
forest_portrait_r3.png,simple_resize,1.0151642280140223,48.065440550218376,0.9963925220433403,810,1080,instagram_high_quality,1080,1080,forest,portrait,3
forest_portrait_r3.png,simple_resize,1.7609430727023319,45.67335044429802,0.9946426741417491,810,1080,instagram_low_quality,1080,1080,forest,portrait,3
forest_portrait_r3.png,simple_resize,1.5225422953818015,46.305109949352214,0.9955607451320634,810,1080,instagram_square,1080,1080,forest,portrait,3
forest_portrait_r3.png,simple_resize,3.0443606157597927,43.2958426593676,0.9927892951560368,810,1080,instagram_landscape,1080,1080,forest,portrait,3
forest_portrait_r3.png,padding_resize,0.0,inf,1.0,810,1080,preprocessing_only,1080,1080,forest,portrait,3
forest_portrait_r3.png,padding_resize,954.9010547172687,18.331219878355107,0.9215774195767296,810,1080,instagram_standard,1080,1080,forest,portrait,3
forest_portrait_r3.png,padding_resize,954.507327008078,18.333010943855122,0.9221175475971153,810,1080,instagram_high_quality,1080,1080,forest,portrait,3
forest_portrait_r3.png,padding_resize,953.4830688919373,18.337673752342745,0.921121613032028,810,1080,instagram_low_quality,1080,1080,forest,portrait,3
forest_portrait_r3.png,padding_resize,954.9010547172687,18.331219878355107,0.9215774195767296,810,1080,instagram_square,1080,1080,forest,portrait,3
forest_portrait_r3.png,padding_resize,952.638447645176,18.341522555974535,0.9198104564105286,810,1080,instagram_landscape,1080,1080,forest,portrait,3
forest_square_r1.png,simple_resize,0.0,inf,1.0,1080,1080,preprocessing_only,1080,1080,forest,square,1
forest_square_r1.png,simple_resize,1.852349108367627,45.45357520233988,0.9953492432886255,1080,1080,instagram_standard,1080,1080,forest,square,1
forest_square_r1.png,simple_resize,1.2582876085962507,47.13300441101946,0.9963123148664329,1080,1080,instagram_high_quality,1080,1080,forest,square,1
forest_square_r1.png,simple_resize,2.1121907864654776,44.883472170028405,0.9946062707743704,1080,1080,instagram_low_quality,1080,1080,forest,square,1
forest_square_r1.png,simple_resize,1.852349108367627,45.45357520233988,0.9953492432886255,1080,1080,instagram_square,1080,1080,forest,square,1
forest_square_r1.png,simple_resize,4.309641918152721,41.78639174101804,0.9907466798066518,1080,1080,instagram_landscape,1080,1080,forest,square,1
forest_square_r1.png,padding_resize,0.0,inf,1.0,1080,1080,preprocessing_only,1080,1080,forest,square,1
forest_square_r1.png,padding_resize,1.852349108367627,45.45357520233988,0.9953492432886255,1080,1080,instagram_standard,1080,1080,forest,square,1
forest_square_r1.png,padding_resize,1.2582876085962507,47.13300441101946,0.9963123148664329,1080,1080,instagram_high_quality,1080,1080,forest,square,1
forest_square_r1.png,padding_resize,2.1121907864654776,44.883472170028405,0.9946062707743704,1080,1080,instagram_low_quality,1080,1080,forest,square,1
forest_square_r1.png,padding_resize,1.852349108367627,45.45357520233988,0.9953492432886255,1080,1080,instagram_square,1080,1080,forest,square,1
forest_square_r1.png,padding_resize,4.309641918152721,41.78639174101804,0.9907466798066518,1080,1080,instagram_landscape,1080,1080,forest,square,1
forest_square_r2.png,simple_resize,0.0,inf,1.0,1080,1080,preprocessing_only,1080,1080,forest,square,2
forest_square_r2.png,simple_resize,1.5523311042524006,46.22096001282656,0.9955985962274944,1080,1080,instagram_standard,1080,1080,forest,square,2
forest_square_r2.png,simple_resize,1.0310430955647005,47.998035425535605,0.996502660067834,1080,1080,instagram_high_quality,1080,1080,forest,square,2
forest_square_r2.png,simple_resize,1.779688214449017,45.62736436426806,0.994877345257525,1080,1080,instagram_low_quality,1080,1080,forest,square,2
forest_square_r2.png,simple_resize,1.5523311042524006,46.22096001282656,0.9955985962274944,1080,1080,instagram_square,1080,1080,forest,square,2
forest_square_r2.png,simple_resize,3.0823236739826245,43.24202118943741,0.9927581864269088,1080,1080,instagram_landscape,1080,1080,forest,square,2
forest_square_r2.png,padding_resize,0.0,inf,1.0,1080,1080,preprocessing_only,1080,1080,forest,square,2
forest_square_r2.png,padding_resize,1.5523311042524006,46.22096001282656,0.9955985962274944,1080,1080,instagram_standard,1080,1080,forest,square,2
forest_square_r2.png,padding_resize,1.0310430955647005,47.998035425535605,0.996502660067834,1080,1080,instagram_high_quality,1080,1080,forest,square,2
forest_square_r2.png,padding_resize,1.779688214449017,45.62736436426806,0.994877345257525,1080,1080,instagram_low_quality,1080,1080,forest,square,2
forest_square_r2.png,padding_resize,1.5523311042524006,46.22096001282656,0.9955985962274944,1080,1080,instagram_square,1080,1080,forest,square,2
forest_square_r2.png,padding_resize,3.0823236739826245,43.24202118943741,0.9927581864269088,1080,1080,instagram_landscape,1080,1080,forest,square,2
forest_square_r3.png,simple_resize,0.0,inf,1.0,1080,1080,preprocessing_only,1080,1080,forest,square,3
forest_square_r3.png,simple_resize,1.3987877229080934,46.6732854899555,0.9956699978755629,1080,1080,instagram_standard,1080,1080,forest,square,3
forest_square_r3.png,simple_resize,0.9300620141746685,48.445684536946786,0.9965653406682777,1080,1080,instagram_high_quality,1080,1080,forest,square,3
forest_square_r3.png,simple_resize,1.5750745884773663,46.15779236013961,0.9949710705445092,1080,1080,instagram_low_quality,1080,1080,forest,square,3
forest_square_r3.png,simple_resize,1.3987877229080934,46.6732854899555,0.9956699978755629,1080,1080,instagram_square,1080,1080,forest,square,3
forest_square_r3.png,simple_resize,2.5420093164151805,44.07903222966094,0.9935595213831675,1080,1080,instagram_landscape,1080,1080,forest,square,3
forest_square_r3.png,padding_resize,0.0,inf,1.0,1080,1080,preprocessing_only,1080,1080,forest,square,3
forest_square_r3.png,padding_resize,1.3987877229080934,46.6732854899555,0.9956699978755629,1080,1080,instagram_standard,1080,1080,forest,square,3
forest_square_r3.png,padding_resize,0.9300620141746685,48.445684536946786,0.9965653406682777,1080,1080,instagram_high_quality,1080,1080,forest,square,3
forest_square_r3.png,padding_resize,1.5750745884773663,46.15779236013961,0.9949710705445092,1080,1080,instagram_low_quality,1080,1080,forest,square,3
forest_square_r3.png,padding_resize,1.3987877229080934,46.6732854899555,0.9956699978755629,1080,1080,instagram_square,1080,1080,forest,square,3
forest_square_r3.png,padding_resize,2.5420093164151805,44.07903222966094,0.9935595213831675,1080,1080,instagram_landscape,1080,1080,forest,square,3
forest_very_tall_r1.png,simple_resize,0.0025365797896662093,74.08831833001501,0.9999800588672847,540,1080,preprocessing_only,1080,1080,forest,very_tall,1
forest_very_tall_r1.png,simple_resize,1.4248559670781893,46.59309395375766,0.9948596936826236,540,1080,instagram_standard,1080,1080,forest,very_tall,1
forest_very_tall_r1.png,simple_resize,0.9414054641060814,48.39303646157759,0.99648372846007,540,1080,instagram_high_quality,1080,1080,forest,very_tall,1
forest_very_tall_r1.png,simple_resize,1.6396885002286237,45.983190100648265,0.9943312842492001,540,1080,instagram_low_quality,1080,1080,forest,very_tall,1
forest_very_tall_r1.png,simple_resize,1.4248559670781893,46.59309395375766,0.9948596936826236,540,1080,instagram_square,1080,1080,forest,very_tall,1
forest_very_tall_r1.png,simple_resize,2.831052240512117,43.6113247753007,0.9931978745815538,540,1080,instagram_landscape,1080,1080,forest,very_tall,1
forest_very_tall_r1.png,padding_resize,0.0,inf,1.0,540,1080,preprocessing_only,1080,1080,forest,very_tall,1
forest_very_tall_r1.png,padding_resize,1159.3227446273434,17.488760045432908,0.9045183639893208,540,1080,instagram_standard,1080,1080,forest,very_tall,1
forest_very_tall_r1.png,padding_resize,1159.115128600823,17.489537866533528,0.9052180107512285,540,1080,instagram_high_quality,1080,1080,forest,very_tall,1
forest_very_tall_r1.png,padding_resize,1159.317377114769,17.48878015274556,0.904450748175615,540,1080,instagram_low_quality,1080,1080,forest,very_tall,1
forest_very_tall_r1.png,padding_resize,1159.3227446273434,17.488760045432908,0.9045183639893208,540,1080,instagram_square,1080,1080,forest,very_tall,1
forest_very_tall_r1.png,padding_resize,1157.862848079561,17.49423241761351,0.9034311311109139,540,1080,instagram_landscape,1080,1080,forest,very_tall,1
forest_very_tall_r2.png,simple_resize,0.0033367626886145405,72.89755040245495,0.9999682080609262,540,1080,preprocessing_only,1080,1080,forest,very_tall,2
forest_very_tall_r2.png,simple_resize,1.3688717421124827,46.76717602509115,0.9946836689727031,540,1080,instagram_standard,1080,1080,forest,very_tall,2
forest_very_tall_r2.png,simple_resize,0.8758899176954732,48.706308336285524,0.9965237673885432,540,1080,instagram_high_quality,1080,1080,forest,very_tall,2
forest_very_tall_r2.png,simple_resize,1.555357224508459,46.21250210067365,0.994284953922999,540,1080,instagram_low_quality,1080,1080,forest,very_tall,2
forest_very_tall_r2.png,simple_resize,1.3688717421124827,46.76717602509115,0.9946836689727031,540,1080,instagram_square,1080,1080,forest,very_tall,2
forest_very_tall_r2.png,simple_resize,2.49137288523091,44.166416273584666,0.9931781676937322,540,1080,instagram_landscape,1080,1080,forest,very_tall,2
forest_very_tall_r2.png,padding_resize,0.0,inf,1.0,540,1080,preprocessing_only,1080,1080,forest,very_tall,2
forest_very_tall_r2.png,padding_resize,1141.1910991083676,17.557219852147988,0.9008822857526869,540,1080,instagram_standard,1080,1080,forest,very_tall,2
forest_very_tall_r2.png,padding_resize,1140.3368964334704,17.5604718440253,0.9017307875511172,540,1080,instagram_high_quality,1080,1080,forest,very_tall,2
forest_very_tall_r2.png,padding_resize,1135.4155401234568,17.57925526867472,0.9010649404226829,540,1080,instagram_low_quality,1080,1080,forest,very_tall,2
forest_very_tall_r2.png,padding_resize,1141.1910991083676,17.557219852147988,0.9008822857526869,540,1080,instagram_square,1080,1080,forest,very_tall,2
forest_very_tall_r2.png,padding_resize,1140.2459505029722,17.560818223161153,0.900365474978163,540,1080,instagram_landscape,1080,1080,forest,very_tall,2
forest_very_tall_r3.png,simple_resize,0.0037477137631458618,72.39313947230976,0.9999544362625717,540,1080,preprocessing_only,1080,1080,forest,very_tall,3
forest_very_tall_r3.png,simple_resize,1.4124296982167353,46.63113520260586,0.9946722622388532,540,1080,instagram_standard,1080,1080,forest,very_tall,3
forest_very_tall_r3.png,simple_resize,0.8740072016460906,48.71565349718321,0.9966640534649539,540,1080,instagram_high_quality,1080,1080,forest,very_tall,3
forest_very_tall_r3.png,simple_resize,1.5881990169181528,46.121754380074705,0.9942281190762091,540,1080,instagram_low_quality,1080,1080,forest,very_tall,3
forest_very_tall_r3.png,simple_resize,1.4124296982167353,46.63113520260586,0.9946722622388532,540,1080,instagram_square,1080,1080,forest,very_tall,3
forest_very_tall_r3.png,simple_resize,2.514543324188386,44.126212381931836,0.9935077668494328,540,1080,instagram_landscape,1080,1080,forest,very_tall,3
forest_very_tall_r3.png,padding_resize,0.0,inf,1.0,540,1080,preprocessing_only,1080,1080,forest,very_tall,3
forest_very_tall_r3.png,padding_resize,869.4669644490169,18.738272753113026,0.9077267118552075,540,1080,instagram_standard,1080,1080,forest,very_tall,3
forest_very_tall_r3.png,padding_resize,868.9467575445816,18.74087193870308,0.9086988384597273,540,1080,instagram_high_quality,1080,1080,forest,very_tall,3
forest_very_tall_r3.png,padding_resize,868.4229572473708,18.743490651158506,0.9073907743860139,540,1080,instagram_low_quality,1080,1080,forest,very_tall,3
forest_very_tall_r3.png,padding_resize,869.4669644490169,18.738272753113026,0.9077267118552075,540,1080,instagram_square,1080,1080,forest,very_tall,3
forest_very_tall_r3.png,padding_resize,868.2234270690443,18.744488607410098,0.9077257283488717,540,1080,instagram_landscape,1080,1080,forest,very_tall,3
forest_very_wide_r1.png,simple_resize,0.05215639467592593,60.95772797823241,0.999380054384429,1920,960,preprocessing_only,1080,1080,forest,very_wide,1
forest_very_wide_r1.png,simple_resize,1.3702577039930555,46.76278108385109,0.9959808391263261,1920,960,instagram_standard,1080,1080,forest,very_wide,1
forest_very_wide_r1.png,simple_resize,0.9185360604745371,48.49984150081619,0.9966052725405357,1920,960,instagram_high_quality,1080,1080,forest,very_wide,1
forest_very_wide_r1.png,simple_resize,1.5539292173032409,46.216491284073484,0.9955049163130943,1920,960,instagram_low_quality,1080,1080,forest,very_wide,1
forest_very_wide_r1.png,simple_resize,1.3702577039930555,46.76278108385109,0.9959808391263261,1920,960,instagram_square,1080,1080,forest,very_wide,1
forest_very_wide_r1.png,simple_resize,2.479427445023148,44.187289567252,0.9943381435497843,1920,960,instagram_landscape,1080,1080,forest,very_wide,1
forest_very_wide_r1.png,padding_resize,0.11727177372685185,57.438868669946004,0.9986466170301782,1920,960,preprocessing_only,1080,1080,forest,very_wide,1
forest_very_wide_r1.png,padding_resize,481.9380835865162,21.300891145045142,0.9527139636991119,1920,960,instagram_standard,1080,1080,forest,very_wide,1
forest_very_wide_r1.png,padding_resize,481.96631419994213,21.30063675467898,0.9527011826107099,1920,960,instagram_high_quality,1080,1080,forest,very_wide,1
forest_very_wide_r1.png,padding_resize,482.08473723234954,21.299569788988997,0.9525429845618154,1920,960,instagram_low_quality,1080,1080,forest,very_wide,1
forest_very_wide_r1.png,padding_resize,481.9380835865162,21.300891145045142,0.9527139636991119,1920,960,instagram_square,1080,1080,forest,very_wide,1
forest_very_wide_r1.png,padding_resize,481.16473687065974,21.307865691819266,0.9517521846559269,1920,960,instagram_landscape,1080,1080,forest,very_wide,1
forest_very_wide_r2.png,simple_resize,0.06728352864583333,59.851716011572975,0.9992907374546613,1920,960,preprocessing_only,1080,1080,forest,very_wide,2
forest_very_wide_r2.png,simple_resize,1.562363642939815,46.19298236741679,0.9957129197142189,1920,960,instagram_standard,1080,1080,forest,very_wide,2
forest_very_wide_r2.png,simple_resize,1.0286792896412038,48.008003645786374,0.9965714369896355,1920,960,instagram_high_quality,1080,1080,forest,very_wide,2
forest_very_wide_r2.png,simple_resize,1.7828993055555555,45.61953545048964,0.9951990572595171,1920,960,instagram_low_quality,1080,1080,forest,very_wide,2
forest_very_wide_r2.png,simple_resize,1.562363642939815,46.19298236741679,0.9957129197142189,1920,960,instagram_square,1080,1080,forest,very_wide,2
forest_very_wide_r2.png,simple_resize,3.1645808015046297,43.12764171838673,0.9931303231315118,1920,960,instagram_landscape,1080,1080,forest,very_wide,2
forest_very_wide_r2.png,padding_resize,0.1321001519097222,56.92177043832367,0.9986148354163912,1920,960,preprocessing_only,1080,1080,forest,very_wide,2
forest_very_wide_r2.png,padding_resize,740.8471365017361,19.433517542683475,0.9322035739156467,1920,960,instagram_standard,1080,1080,forest,very_wide,2
forest_very_wide_r2.png,padding_resize,740.4242502170139,19.4359972663393,0.9324323337239058,1920,960,instagram_high_quality,1080,1080,forest,very_wide,2
forest_very_wide_r2.png,padding_resize,740.7531271701389,19.43406867290417,0.9320076353519868,1920,960,instagram_low_quality,1080,1080,forest,very_wide,2
forest_very_wide_r2.png,padding_resize,740.8471365017361,19.433517542683475,0.9322035739156467,1920,960,instagram_square,1080,1080,forest,very_wide,2
forest_very_wide_r2.png,padding_resize,739.4466294126157,19.441735272111977,0.9308990416836008,1920,960,instagram_landscape,1080,1080,forest,very_wide,2
forest_very_wide_r3.png,simple_resize,0.06440972222222222,60.04128934676076,0.9993190860120352,1920,960,preprocessing_only,1080,1080,forest,very_wide,3
forest_very_wide_r3.png,simple_resize,1.5069410083912036,46.34984109370555,0.9958220437364985,1920,960,instagram_standard,1080,1080,forest,very_wide,3
forest_very_wide_r3.png,simple_resize,0.9976387080439815,48.14107069591713,0.9965964887688608,1920,960,instagram_high_quality,1080,1080,forest,very_wide,3
forest_very_wide_r3.png,simple_resize,1.733573857060185,45.74138011829402,0.9953623640278424,1920,960,instagram_low_quality,1080,1080,forest,very_wide,3
forest_very_wide_r3.png,simple_resize,1.5069410083912036,46.34984109370555,0.9958220437364985,1920,960,instagram_square,1080,1080,forest,very_wide,3
forest_very_wide_r3.png,simple_resize,3.0131116174768517,43.34065140924915,0.9933180611423947,1920,960,instagram_landscape,1080,1080,forest,very_wide,3
forest_very_wide_r3.png,padding_resize,0.13010434751157407,56.98788551864047,0.9986248672335459,1920,960,preprocessing_only,1080,1080,forest,very_wide,3
forest_very_wide_r3.png,padding_resize,735.2210192418981,19.466624462625962,0.9399419561788439,1920,960,instagram_standard,1080,1080,forest,very_wide,3
forest_very_wide_r3.png,padding_resize,735.2139033564815,19.46666649630896,0.9401322069026026,1920,960,instagram_high_quality,1080,1080,forest,very_wide,3
forest_very_wide_r3.png,padding_resize,735.2907005931713,19.466212874932182,0.9397357846091823,1920,960,instagram_low_quality,1080,1080,forest,very_wide,3
forest_very_wide_r3.png,padding_resize,735.2210192418981,19.466624462625962,0.9399419561788439,1920,960,instagram_square,1080,1080,forest,very_wide,3
forest_very_wide_r3.png,padding_resize,733.5946922019676,19.47624180457494,0.9383275141788913,1920,960,instagram_landscape,1080,1080,forest,very_wide,3
forest_wide_r1.png,simple_resize,0.03174789951989026,63.1136536374692,0.9996385270289712,1440,1080,preprocessing_only,1080,1080,forest,wide,1
forest_wide_r1.png,simple_resize,1.7925098593964335,45.596188077583705,0.9952807785311977,1440,1080,instagram_standard,1080,1080,forest,wide,1
forest_wide_r1.png,simple_resize,1.1952689900548696,47.35614708512193,0.9961415597912722,1440,1080,instagram_high_quality,1080,1080,forest,wide,1
forest_wide_r1.png,simple_resize,2.0856295010288064,44.93843199610492,0.9946250079117349,1440,1080,instagram_low_quality,1080,1080,forest,wide,1
forest_wide_r1.png,simple_resize,1.7925098593964335,45.596188077583705,0.9952807785311977,1440,1080,instagram_square,1080,1080,forest,wide,1
forest_wide_r1.png,simple_resize,3.881182055898491,42.24116346054281,0.9911595434722159,1440,1080,instagram_landscape,1080,1080,forest,wide,1
forest_wide_r1.png,padding_resize,0.07587084190672154,59.33005457594475,0.9991972723324094,1440,1080,preprocessing_only,1080,1080,forest,wide,1
forest_wide_r1.png,padding_resize,991.7564589763374,18.166753232985833,0.9225855298376281,1440,1080,instagram_standard,1080,1080,forest,wide,1
forest_wide_r1.png,padding_resize,991.4601369598765,18.168051033920307,0.9229895220626287,1440,1080,instagram_high_quality,1080,1080,forest,wide,1
forest_wide_r1.png,padding_resize,992.1661475480109,18.164959559301987,0.9222044411743043,1440,1080,instagram_low_quality,1080,1080,forest,wide,1
forest_wide_r1.png,padding_resize,991.7564589763374,18.166753232985833,0.9225855298376281,1440,1080,instagram_square,1080,1080,forest,wide,1
forest_wide_r1.png,padding_resize,988.4178575102881,18.181397777719027,0.9199156449489092,1440,1080,instagram_landscape,1080,1080,forest,wide,1
forest_wide_r2.png,simple_resize,0.031829561042524004,63.10249711506226,0.9995816921787269,1440,1080,preprocessing_only,1080,1080,forest,wide,2
forest_wide_r2.png,simple_resize,1.3544551611796982,46.813157284456096,0.9959413528294082,1440,1080,instagram_standard,1080,1080,forest,wide,2
forest_wide_r2.png,simple_resize,0.8847760202331961,48.662470172751966,0.9967111608804383,1440,1080,instagram_high_quality,1080,1080,forest,wide,2
forest_wide_r2.png,simple_resize,1.5246924296982167,46.298981168945154,0.9954281207683855,1440,1080,instagram_low_quality,1080,1080,forest,wide,2
forest_wide_r2.png,simple_resize,1.3544551611796982,46.813157284456096,0.9959413528294082,1440,1080,instagram_square,1080,1080,forest,wide,2
forest_wide_r2.png,simple_resize,2.2496337019890262,44.60968551270078,0.9943866257806829,1440,1080,instagram_landscape,1080,1080,forest,wide,2
forest_wide_r2.png,padding_resize,0.06213263031550069,60.19760621493849,0.9992111308491434,1440,1080,preprocessing_only,1080,1080,forest,wide,2
forest_wide_r2.png,padding_resize,330.29344050068585,22.941804120104155,0.9646267656883335,1440,1080,instagram_standard,1080,1080,forest,wide,2
forest_wide_r2.png,padding_resize,330.23134237825786,22.942620709358202,0.9650996840357194,1440,1080,instagram_high_quality,1080,1080,forest,wide,2
forest_wide_r2.png,padding_resize,331.02019161522634,22.932258751295983,0.9642465662605475,1440,1080,instagram_low_quality,1080,1080,forest,wide,2
forest_wide_r2.png,padding_resize,330.29344050068585,22.941804120104155,0.9646267656883335,1440,1080,instagram_square,1080,1080,forest,wide,2
forest_wide_r2.png,padding_resize,329.1845565414952,22.956409084653906,0.9637545831196231,1440,1080,instagram_landscape,1080,1080,forest,wide,2
forest_wide_r3.png,simple_resize,0.035839549039780524,62.58717824463957,0.9995759761018825,1440,1080,preprocessing_only,1080,1080,forest,wide,3
forest_wide_r3.png,simple_resize,1.6284280692729767,46.013117811464845,0.9955836664175428,1440,1080,instagram_standard,1080,1080,forest,wide,3
forest_wide_r3.png,simple_resize,1.1270586848422497,47.6113383094459,0.9964675517780417,1440,1080,instagram_high_quality,1080,1080,forest,wide,3
forest_wide_r3.png,simple_resize,1.8597337962962963,45.43629577442196,0.9949420610390253,1440,1080,instagram_low_quality,1080,1080,forest,wide,3
forest_wide_r3.png,simple_resize,1.6284280692729767,46.013117811464845,0.9955836664175428,1440,1080,instagram_square,1080,1080,forest,wide,3
forest_wide_r3.png,simple_resize,3.562950745884774,42.6127054214819,0.9920750918415395,1440,1080,instagram_landscape,1080,1080,forest,wide,3
forest_wide_r3.png,padding_resize,0.0659173525377229,59.94080604553656,0.999247014403151,1440,1080,preprocessing_only,1080,1080,forest,wide,3
forest_wide_r3.png,padding_resize,586.6534552897805,20.446987279314087,0.9541694490662027,1440,1080,instagram_standard,1080,1080,forest,wide,3
forest_wide_r3.png,padding_resize,586.6243859310699,20.44720248259569,0.9546937700993194,1440,1080,instagram_high_quality,1080,1080,forest,wide,3
forest_wide_r3.png,padding_resize,586.4894296553498,20.448201716690853,0.9538241773167772,1440,1080,instagram_low_quality,1080,1080,forest,wide,3
forest_wide_r3.png,padding_resize,586.6534552897805,20.446987279314087,0.9541694490662027,1440,1080,instagram_square,1080,1080,forest,wide,3
forest_wide_r3.png,padding_resize,584.3749781378601,20.46388748898773,0.9520854161441509,1440,1080,instagram_landscape,1080,1080,forest,wide,3
gradient_portrait_r1.png,simple_resize,0.0,inf,1.0,810,1080,preprocessing_only,1080,1080,gradient,portrait,1
gradient_portrait_r1.png,simple_resize,1.0174725651577503,48.05557653006262,0.9985581116199872,810,1080,instagram_standard,1080,1080,gradient,portrait,1
gradient_portrait_r1.png,simple_resize,0.5429968754762994,50.78283030298043,0.9986302471962727,810,1080,instagram_high_quality,1080,1080,gradient,portrait,1
gradient_portrait_r1.png,simple_resize,0.9330307879896357,48.431843861102664,0.9990170489088763,810,1080,instagram_low_quality,1080,1080,gradient,portrait,1
gradient_portrait_r1.png,simple_resize,1.0174725651577503,48.05557653006262,0.9985581116199872,810,1080,instagram_square,1080,1080,gradient,portrait,1
gradient_portrait_r1.png,simple_resize,1.0305578417924097,48.00007988560256,0.9988146092185489,810,1080,instagram_landscape,1080,1080,gradient,portrait,1
gradient_portrait_r1.png,padding_resize,0.0,inf,1.0,810,1080,preprocessing_only,1080,1080,gradient,portrait,1
gradient_portrait_r1.png,padding_resize,682.8759945130315,19.787385148558595,0.9982698108010869,810,1080,instagram_standard,1080,1080,gradient,portrait,1
gradient_portrait_r1.png,padding_resize,683.6764201341259,19.78229759441222,0.9983696054573966,810,1080,instagram_high_quality,1080,1080,gradient,portrait,1
gradient_portrait_r1.png,padding_resize,683.5003692272519,19.783416073579026,0.9988096945210879,810,1080,instagram_low_quality,1080,1080,gradient,portrait,1
gradient_portrait_r1.png,padding_resize,682.8759945130315,19.787385148558595,0.9982698108010869,810,1080,instagram_square,1080,1080,gradient,portrait,1
gradient_portrait_r1.png,padding_resize,680.6212761012041,19.80174839926918,0.9988865426894111,810,1080,instagram_landscape,1080,1080,gradient,portrait,1
gradient_portrait_r2.png,simple_resize,0.0,inf,1.0,810,1080,preprocessing_only,1080,1080,gradient,portrait,2
gradient_portrait_r2.png,simple_resize,0.6739757658893462,49.84436079955361,0.9984760624354926,810,1080,instagram_standard,1080,1080,gradient,portrait,2
gradient_portrait_r2.png,simple_resize,0.49556317634506936,51.179813329465574,0.9988253791555867,810,1080,instagram_high_quality,1080,1080,gradient,portrait,2
gradient_portrait_r2.png,simple_resize,0.7915832190214906,49.14583781957624,0.9982152101888503,810,1080,instagram_low_quality,1080,1080,gradient,portrait,2
gradient_portrait_r2.png,simple_resize,0.6739757658893462,49.84436079955361,0.9984760624354926,810,1080,instagram_square,1080,1080,gradient,portrait,2
gradient_portrait_r2.png,simple_resize,0.7716655235482396,49.25651263581842,0.9982704829253524,810,1080,instagram_landscape,1080,1080,gradient,portrait,2
gradient_portrait_r2.png,padding_resize,0.0,inf,1.0,810,1080,preprocessing_only,1080,1080,gradient,portrait,2
gradient_portrait_r2.png,padding_resize,55.978545953360765,30.650587474207462,0.9891729421620961,810,1080,instagram_standard,1080,1080,gradient,portrait,2
gradient_portrait_r2.png,padding_resize,55.764244398719704,30.667245389488563,0.9895465694512644,810,1080,instagram_high_quality,1080,1080,gradient,portrait,2
gradient_portrait_r2.png,padding_resize,55.40467992684042,30.695339105697904,0.9891149052183456,810,1080,instagram_low_quality,1080,1080,gradient,portrait,2
gradient_portrait_r2.png,padding_resize,55.978545953360765,30.650587474207462,0.9891729421620961,810,1080,instagram_square,1080,1080,gradient,portrait,2
gradient_portrait_r2.png,padding_resize,55.889683737235174,30.657487087857717,0.9896018034520958,810,1080,instagram_landscape,1080,1080,gradient,portrait,2
gradient_portrait_r3.png,simple_resize,0.0,inf,1.0,810,1080,preprocessing_only,1080,1080,gradient,portrait,3
gradient_portrait_r3.png,simple_resize,0.7009247828074988,49.674089451328115,0.9989574314404519,810,1080,instagram_standard,1080,1080,gradient,portrait,3
gradient_portrait_r3.png,simple_resize,0.552675659198293,50.70610022952767,0.9990018025470301,810,1080,instagram_high_quality,1080,1080,gradient,portrait,3
gradient_portrait_r3.png,simple_resize,0.8606912056089011,48.78232995424079,0.999339127158718,810,1080,instagram_low_quality,1080,1080,gradient,portrait,3
gradient_portrait_r3.png,simple_resize,0.7009247828074988,49.674089451328115,0.9989574314404519,810,1080,instagram_square,1080,1080,gradient,portrait,3
gradient_portrait_r3.png,simple_resize,0.8567527815881726,48.802248377555784,0.9991637640316011,810,1080,instagram_landscape,1080,1080,gradient,portrait,3
gradient_portrait_r3.png,padding_resize,0.0,inf,1.0,810,1080,preprocessing_only,1080,1080,gradient,portrait,3
gradient_portrait_r3.png,padding_resize,76.5107556012803,29.293578698979886,0.9989147543487811,810,1080,instagram_standard,1080,1080,gradient,portrait,3
gradient_portrait_r3.png,padding_resize,76.41127495808566,29.299229147163462,0.9989617946293472,810,1080,instagram_high_quality,1080,1080,gradient,portrait,3
gradient_portrait_r3.png,padding_resize,76.19643537570492,29.311457062326724,0.999188035655852,810,1080,instagram_low_quality,1080,1080,gradient,portrait,3
gradient_portrait_r3.png,padding_resize,76.5107556012803,29.293578698979886,0.9989147543487811,810,1080,instagram_square,1080,1080,gradient,portrait,3
gradient_portrait_r3.png,padding_resize,76.33162399024539,29.303758585740965,0.9990787132659371,810,1080,instagram_landscape,1080,1080,gradient,portrait,3
gradient_square_r1.png,simple_resize,0.0,inf,1.0,1080,1080,preprocessing_only,1080,1080,gradient,square,1
gradient_square_r1.png,simple_resize,0.824387288523091,48.96949074227061,0.9971155018812656,1080,1080,instagram_standard,1080,1080,gradient,square,1
gradient_square_r1.png,simple_resize,0.5888317329675354,50.430891541693484,0.9975271585255837,1080,1080,instagram_high_quality,1080,1080,gradient,square,1
gradient_square_r1.png,simple_resize,1.114258401920439,47.6609444335634,0.9965369466040481,1080,1080,instagram_low_quality,1080,1080,gradient,square,1
gradient_square_r1.png,simple_resize,0.824387288523091,48.96949074227061,0.9971155018812656,1080,1080,instagram_square,1080,1080,gradient,square,1
gradient_square_r1.png,simple_resize,1.009049497027892,48.09167890608358,0.9971976950487135,1080,1080,instagram_landscape,1080,1080,gradient,square,1
gradient_square_r1.png,padding_resize,0.0,inf,1.0,1080,1080,preprocessing_only,1080,1080,gradient,square,1
gradient_square_r1.png,padding_resize,0.824387288523091,48.96949074227061,0.9971155018812656,1080,1080,instagram_standard,1080,1080,gradient,square,1
gradient_square_r1.png,padding_resize,0.5888317329675354,50.430891541693484,0.9975271585255837,1080,1080,instagram_high_quality,1080,1080,gradient,square,1
gradient_square_r1.png,padding_resize,1.114258401920439,47.6609444335634,0.9965369466040481,1080,1080,instagram_low_quality,1080,1080,gradient,square,1
gradient_square_r1.png,padding_resize,0.824387288523091,48.96949074227061,0.9971155018812656,1080,1080,instagram_square,1080,1080,gradient,square,1
gradient_square_r1.png,padding_resize,1.009049497027892,48.09167890608358,0.9971976950487135,1080,1080,instagram_landscape,1080,1080,gradient,square,1
gradient_square_r2.png,simple_resize,0.0,inf,1.0,1080,1080,preprocessing_only,1080,1080,gradient,square,2
gradient_square_r2.png,simple_resize,0.8735039437585734,48.718154907605005,0.9976427817401865,1080,1080,instagram_standard,1080,1080,gradient,square,2
gradient_square_r2.png,simple_resize,0.6098862597165067,50.278315117314264,0.9981024989774636,1080,1080,instagram_high_quality,1080,1080,gradient,square,2
gradient_square_r2.png,simple_resize,0.9448036694101509,48.37738789554698,0.9973878510693605,1080,1080,instagram_low_quality,1080,1080,gradient,square,2
gradient_square_r2.png,simple_resize,0.8735039437585734,48.718154907605005,0.9976427817401865,1080,1080,instagram_square,1080,1080,gradient,square,2
gradient_square_r2.png,simple_resize,1.2237322816643805,47.25393944131156,0.9974996137112986,1080,1080,instagram_landscape,1080,1080,gradient,square,2
gradient_square_r2.png,padding_resize,0.0,inf,1.0,1080,1080,preprocessing_only,1080,1080,gradient,square,2
gradient_square_r2.png,padding_resize,0.8735039437585734,48.718154907605005,0.9976427817401865,1080,1080,instagram_standard,1080,1080,gradient,square,2
gradient_square_r2.png,padding_resize,0.6098862597165067,50.278315117314264,0.9981024989774636,1080,1080,instagram_high_quality,1080,1080,gradient,square,2
gradient_square_r2.png,padding_resize,0.9448036694101509,48.37738789554698,0.9973878510693605,1080,1080,instagram_low_quality,1080,1080,gradient,square,2
gradient_square_r2.png,padding_resize,0.8735039437585734,48.718154907605005,0.9976427817401865,1080,1080,instagram_square,1080,1080,gradient,square,2
gradient_square_r2.png,padding_resize,1.2237322816643805,47.25393944131156,0.9974996137112986,1080,1080,instagram_landscape,1080,1080,gradient,square,2
gradient_square_r3.png,simple_resize,0.0,inf,1.0,1080,1080,preprocessing_only,1080,1080,gradient,square,3
gradient_square_r3.png,simple_resize,0.7591075102880659,49.32777072695313,0.9990929177257415,1080,1080,instagram_standard,1080,1080,gradient,square,3
gradient_square_r3.png,simple_resize,0.6001257430269776,50.34838104182184,0.9988336162257091,1080,1080,instagram_high_quality,1080,1080,gradient,square,3
gradient_square_r3.png,simple_resize,0.9968364197530865,48.144564641683296,0.9989141272635649,1080,1080,instagram_low_quality,1080,1080,gradient,square,3
gradient_square_r3.png,simple_resize,0.7591075102880659,49.32777072695313,0.9990929177257415,1080,1080,instagram_square,1080,1080,gradient,square,3
gradient_square_r3.png,simple_resize,0.9512628600823045,48.34779819840893,0.9992936452813483,1080,1080,instagram_landscape,1080,1080,gradient,square,3
gradient_square_r3.png,padding_resize,0.0,inf,1.0,1080,1080,preprocessing_only,1080,1080,gradient,square,3
gradient_square_r3.png,padding_resize,0.7591075102880659,49.32777072695313,0.9990929177257415,1080,1080,instagram_standard,1080,1080,gradient,square,3
gradient_square_r3.png,padding_resize,0.6001257430269776,50.34838104182184,0.9988336162257091,1080,1080,instagram_high_quality,1080,1080,gradient,square,3
gradient_square_r3.png,padding_resize,0.9968364197530865,48.144564641683296,0.9989141272635649,1080,1080,instagram_low_quality,1080,1080,gradient,square,3
gradient_square_r3.png,padding_resize,0.7591075102880659,49.32777072695313,0.9990929177257415,1080,1080,instagram_square,1080,1080,gradient,square,3
gradient_square_r3.png,padding_resize,0.9512628600823045,48.34779819840893,0.9992936452813483,1080,1080,instagram_landscape,1080,1080,gradient,square,3
gradient_very_tall_r1.png,simple_resize,0.0,inf,1.0,540,1080,preprocessing_only,1080,1080,gradient,very_tall,1
gradient_very_tall_r1.png,simple_resize,0.7428858024691358,49.421583023822244,0.9987771043031904,540,1080,instagram_standard,1080,1080,gradient,very_tall,1
gradient_very_tall_r1.png,simple_resize,0.4919753086419753,51.21137054014429,0.9992362714925894,540,1080,instagram_high_quality,1080,1080,gradient,very_tall,1
gradient_very_tall_r1.png,simple_resize,0.925934499314129,48.46500095128274,0.9986133383160855,540,1080,instagram_low_quality,1080,1080,gradient,very_tall,1
gradient_very_tall_r1.png,simple_resize,0.7428858024691358,49.421583023822244,0.9987771043031904,540,1080,instagram_square,1080,1080,gradient,very_tall,1
gradient_very_tall_r1.png,simple_resize,0.8381504343850023,48.89758386438285,0.9986253369895784,540,1080,instagram_landscape,1080,1080,gradient,very_tall,1
gradient_very_tall_r1.png,padding_resize,0.0,inf,1.0,540,1080,preprocessing_only,1080,1080,gradient,very_tall,1
gradient_very_tall_r1.png,padding_resize,155.0888431641518,26.224998043600664,0.988268491544273,540,1080,instagram_standard,1080,1080,gradient,very_tall,1
gradient_very_tall_r1.png,padding_resize,154.98157293095565,26.228002965695122,0.988506934721203,540,1080,instagram_high_quality,1080,1080,gradient,very_tall,1
gradient_very_tall_r1.png,padding_resize,155.16704503886604,26.22280871249215,0.9881493127865564,540,1080,instagram_low_quality,1080,1080,gradient,very_tall,1
gradient_very_tall_r1.png,padding_resize,155.0888431641518,26.224998043600664,0.988268491544273,540,1080,instagram_square,1080,1080,gradient,very_tall,1
gradient_very_tall_r1.png,padding_resize,155.18514174668496,26.222302236257093,0.9881729297198828,540,1080,instagram_landscape,1080,1080,gradient,very_tall,1
gradient_very_tall_r2.png,simple_resize,0.0,inf,1.0,540,1080,preprocessing_only,1080,1080,gradient,very_tall,2
gradient_very_tall_r2.png,simple_resize,0.6896467764060357,49.744536503278354,0.9991085950609289,540,1080,instagram_standard,1080,1080,gradient,very_tall,2
gradient_very_tall_r2.png,simple_resize,0.5499862825788752,50.72728503145654,0.9990092937840208,540,1080,instagram_high_quality,1080,1080,gradient,very_tall,2
gradient_very_tall_r2.png,simple_resize,0.8867752629172382,48.652667911394694,0.9986728240962451,540,1080,instagram_low_quality,1080,1080,gradient,very_tall,2
gradient_very_tall_r2.png,simple_resize,0.6896467764060357,49.744536503278354,0.9991085950609289,540,1080,instagram_square,1080,1080,gradient,very_tall,2
gradient_very_tall_r2.png,simple_resize,0.887218792866941,48.65049628502312,0.999204049731642,540,1080,instagram_landscape,1080,1080,gradient,very_tall,2
gradient_very_tall_r2.png,padding_resize,0.0,inf,1.0,540,1080,preprocessing_only,1080,1080,gradient,very_tall,2
gradient_very_tall_r2.png,padding_resize,303.45044867398263,23.309925769043648,0.9974362185458427,540,1080,instagram_standard,1080,1080,gradient,very_tall,2
gradient_very_tall_r2.png,padding_resize,303.4387791495199,23.310092785027745,0.9973493157625248,540,1080,instagram_high_quality,1080,1080,gradient,very_tall,2
gradient_very_tall_r2.png,padding_resize,305.68089391860997,23.278120661556553,0.9971666837315424,540,1080,instagram_low_quality,1080,1080,gradient,very_tall,2
gradient_very_tall_r2.png,padding_resize,303.45044867398263,23.309925769043648,0.9974362185458427,540,1080,instagram_square,1080,1080,gradient,very_tall,2
gradient_very_tall_r2.png,padding_resize,302.7764826245999,23.319582214236505,0.9976144569747486,540,1080,instagram_landscape,1080,1080,gradient,very_tall,2
gradient_very_tall_r3.png,simple_resize,0.0,inf,1.0,540,1080,preprocessing_only,1080,1080,gradient,very_tall,3
gradient_very_tall_r3.png,simple_resize,1.025951646090535,48.01953468250905,0.9967793012628494,540,1080,instagram_standard,1080,1080,gradient,very_tall,3
gradient_very_tall_r3.png,simple_resize,0.6080749885688157,50.291232205533156,0.997928020801812,540,1080,instagram_high_quality,1080,1080,gradient,very_tall,3
gradient_very_tall_r3.png,simple_resize,0.8940552126200274,48.61716021271329,0.9983064914096222,540,1080,instagram_low_quality,1080,1080,gradient,very_tall,3
gradient_very_tall_r3.png,simple_resize,1.025951646090535,48.01953468250905,0.9967793012628494,540,1080,instagram_square,1080,1080,gradient,very_tall,3
gradient_very_tall_r3.png,simple_resize,1.0636071101966165,47.86299128946972,0.9981072689769623,540,1080,instagram_landscape,1080,1080,gradient,very_tall,3
gradient_very_tall_r3.png,padding_resize,0.0,inf,1.0,540,1080,preprocessing_only,1080,1080,gradient,very_tall,3
gradient_very_tall_r3.png,padding_resize,364.03098136716966,22.519420144050287,0.9978320159266931,540,1080,instagram_standard,1080,1080,gradient,very_tall,3
gradient_very_tall_r3.png,padding_resize,369.4789974851395,22.454906042955184,0.9980700901691646,540,1080,instagram_high_quality,1080,1080,gradient,very_tall,3
gradient_very_tall_r3.png,padding_resize,364.02362940100596,22.519507855007376,0.9990790345252876,540,1080,instagram_low_quality,1080,1080,gradient,very_tall,3
gradient_very_tall_r3.png,padding_resize,364.03098136716966,22.519420144050287,0.9978320159266931,540,1080,instagram_square,1080,1080,gradient,very_tall,3
gradient_very_tall_r3.png,padding_resize,363.38551726108824,22.527127463684597,0.9990883271501786,540,1080,instagram_landscape,1080,1080,gradient,very_tall,3
gradient_very_wide_r1.png,simple_resize,0.005478153935185185,70.74446129178115,0.9999813895174781,1920,960,preprocessing_only,1080,1080,gradient,very_wide,1
gradient_very_wide_r1.png,simple_resize,0.606025390625,50.30589540699434,0.9993302041760677,1920,960,instagram_standard,1080,1080,gradient,very_wide,1
gradient_very_wide_r1.png,simple_resize,0.4519227430555556,51.58016163075124,0.9994237878028301,1920,960,instagram_high_quality,1080,1080,gradient,very_wide,1
gradient_very_wide_r1.png,simple_resize,0.836161205150463,48.907903468761006,0.9993056278931737,1920,960,instagram_low_quality,1080,1080,gradient,very_wide,1
gradient_very_wide_r1.png,simple_resize,0.606025390625,50.30589540699434,0.9993302041760677,1920,960,instagram_square,1080,1080,gradient,very_wide,1
gradient_very_wide_r1.png,simple_resize,0.7299575014467593,49.497827848905175,0.999333293214217,1920,960,instagram_landscape,1080,1080,gradient,very_wide,1
gradient_very_wide_r1.png,padding_resize,0.014876482928240741,66.40580092655442,0.9999521533374652,1920,960,preprocessing_only,1080,1080,gradient,very_wide,1
gradient_very_wide_r1.png,padding_resize,75.32459743923611,29.361435415365953,0.9976029709890598,1920,960,instagram_standard,1080,1080,gradient,very_wide,1
gradient_very_wide_r1.png,padding_resize,75.0945628978588,29.374718671252413,0.9976718987231494,1920,960,instagram_high_quality,1080,1080,gradient,very_wide,1
gradient_very_wide_r1.png,padding_resize,75.6742310474537,29.341323442362523,0.9976066911752036,1920,960,instagram_low_quality,1080,1080,gradient,very_wide,1
gradient_very_wide_r1.png,padding_resize,75.32459743923611,29.361435415365953,0.9976029709890598,1920,960,instagram_square,1080,1080,gradient,very_wide,1
gradient_very_wide_r1.png,padding_resize,74.82066641348379,29.390587888099237,0.9978377440314319,1920,960,instagram_landscape,1080,1080,gradient,very_wide,1
gradient_very_wide_r2.png,simple_resize,0.013052119502314816,66.973993194298,0.9999322931366037,1920,960,preprocessing_only,1080,1080,gradient,very_wide,2
gradient_very_wide_r2.png,simple_resize,0.7105962456597222,49.61457452245383,0.9985856766587219,1920,960,instagram_standard,1080,1080,gradient,very_wide,2
gradient_very_wide_r2.png,simple_resize,0.48399287471064817,51.28241392811567,0.9988853822912396,1920,960,instagram_high_quality,1080,1080,gradient,very_wide,2
gradient_very_wide_r2.png,simple_resize,1.0441263382523147,47.94327309820237,0.9985773811523404,1920,960,instagram_low_quality,1080,1080,gradient,very_wide,2
gradient_very_wide_r2.png,simple_resize,0.7105962456597222,49.61457452245383,0.9985856766587219,1920,960,instagram_square,1080,1080,gradient,very_wide,2
gradient_very_wide_r2.png,simple_resize,0.877793872974537,48.696878157358476,0.9986058908823902,1920,960,instagram_landscape,1080,1080,gradient,very_wide,2
gradient_very_wide_r2.png,padding_resize,0.033877857349537036,62.83164425876855,0.9998252880092269,1920,960,preprocessing_only,1080,1080,gradient,very_wide,2
gradient_very_wide_r2.png,padding_resize,164.1547564019097,25.97826889890421,0.9882135712668221,1920,960,instagram_standard,1080,1080,gradient,very_wide,2
gradient_very_wide_r2.png,padding_resize,163.49391529224536,25.995787665882713,0.9885384059581408,1920,960,instagram_high_quality,1080,1080,gradient,very_wide,2
gradient_very_wide_r2.png,padding_resize,165.40918854890046,25.945207297430137,0.9881303726926252,1920,960,instagram_low_quality,1080,1080,gradient,very_wide,2
gradient_very_wide_r2.png,padding_resize,164.1547564019097,25.97826889890421,0.9882135712668221,1920,960,instagram_square,1080,1080,gradient,very_wide,2
gradient_very_wide_r2.png,padding_resize,163.79974428530093,25.9876714143844,0.9887167844956557,1920,960,instagram_landscape,1080,1080,gradient,very_wide,2
gradient_very_wide_r3.png,simple_resize,0.016915147569444445,65.84804569898752,0.9999483215586895,1920,960,preprocessing_only,1080,1080,gradient,very_wide,3
gradient_very_wide_r3.png,simple_resize,0.993306568287037,48.15997053593719,0.999030546792561,1920,960,instagram_standard,1080,1080,gradient,very_wide,3
gradient_very_wide_r3.png,simple_resize,0.5745108145254629,50.53782152657309,0.9989491053305122,1920,960,instagram_high_quality,1080,1080,gradient,very_wide,3
gradient_very_wide_r3.png,simple_resize,1.1832177734375,47.40015676173989,0.9989131165222926,1920,960,instagram_low_quality,1080,1080,gradient,very_wide,3
gradient_very_wide_r3.png,simple_resize,0.993306568287037,48.15997053593719,0.999030546792561,1920,960,instagram_square,1080,1080,gradient,very_wide,3
gradient_very_wide_r3.png,simple_resize,0.9295196759259259,48.44821773585583,0.9992524360581974,1920,960,instagram_landscape,1080,1080,gradient,very_wide,3
gradient_very_wide_r3.png,padding_resize,0.04367006655092592,61.72896507103707,0.999873583665186,1920,960,preprocessing_only,1080,1080,gradient,very_wide,3
gradient_very_wide_r3.png,padding_resize,340.65033456307873,22.807715410584336,0.9989035680888687,1920,960,instagram_standard,1080,1080,gradient,very_wide,3
gradient_very_wide_r3.png,padding_resize,340.51972041377314,22.80938092728117,0.9987523481283631,1920,960,instagram_high_quality,1080,1080,gradient,very_wide,3
gradient_very_wide_r3.png,padding_resize,340.1206689453125,22.81447336297303,0.9988921351290159,1920,960,instagram_low_quality,1080,1080,gradient,very_wide,3
gradient_very_wide_r3.png,padding_resize,340.65033456307873,22.807715410584336,0.9989035680888687,1920,960,instagram_square,1080,1080,gradient,very_wide,3
gradient_very_wide_r3.png,padding_resize,339.69593641493054,22.819900091793013,0.9990517853088553,1920,960,instagram_landscape,1080,1080,gradient,very_wide,3
gradient_wide_r1.png,simple_resize,0.0,inf,1.0,1440,1080,preprocessing_only,1080,1080,gradient,wide,1
gradient_wide_r1.png,simple_resize,0.7186728395061729,49.56549128805772,0.99897419321134,1440,1080,instagram_standard,1080,1080,gradient,wide,1
gradient_wide_r1.png,simple_resize,0.4770061728395062,51.34556361675199,0.9993520055685543,1440,1080,instagram_high_quality,1080,1080,gradient,wide,1
gradient_wide_r1.png,simple_resize,0.9317901234567901,48.437622580514244,0.9990095160980487,1440,1080,instagram_low_quality,1080,1080,gradient,wide,1
gradient_wide_r1.png,simple_resize,0.7186728395061729,49.56549128805772,0.99897419321134,1440,1080,instagram_square,1080,1080,gradient,wide,1
gradient_wide_r1.png,simple_resize,0.9148225308641975,48.517435087050664,0.99892735847673,1440,1080,instagram_landscape,1080,1080,gradient,wide,1
gradient_wide_r1.png,padding_resize,0.007716049382716049,69.25685362402484,0.9999957548880317,1440,1080,preprocessing_only,1080,1080,gradient,wide,1
gradient_wide_r1.png,padding_resize,259.25771604938274,23.993486701065365,0.9910905747180929,1440,1080,instagram_standard,1080,1080,gradient,wide,1
gradient_wide_r1.png,padding_resize,259.5712962962963,23.988236948865286,0.9916335835728979,1440,1080,instagram_high_quality,1080,1080,gradient,wide,1
gradient_wide_r1.png,padding_resize,254.92654320987654,24.06665303863023,0.9910706599846217,1440,1080,instagram_low_quality,1080,1080,gradient,wide,1
gradient_wide_r1.png,padding_resize,259.25771604938274,23.993486701065365,0.9910905747180929,1440,1080,instagram_square,1080,1080,gradient,wide,1
gradient_wide_r1.png,padding_resize,258.8311149691358,24.000638777153654,0.9911355456551805,1440,1080,instagram_landscape,1080,1080,gradient,wide,1
gradient_wide_r2.png,simple_resize,0.00753343621399177,69.36087245440548,0.9999268304809107,1440,1080,preprocessing_only,1080,1080,gradient,wide,2
gradient_wide_r2.png,simple_resize,0.8765129886831275,48.70322004760271,0.9977676240973714,1440,1080,instagram_standard,1080,1080,gradient,wide,2
gradient_wide_r2.png,simple_resize,0.5715387088477366,50.560347114915075,0.9981661602191335,1440,1080,instagram_high_quality,1080,1080,gradient,wide,2
gradient_wide_r2.png,simple_resize,1.3815539266117969,46.727125193368096,0.9978783183782236,1440,1080,instagram_low_quality,1080,1080,gradient,wide,2
gradient_wide_r2.png,simple_resize,0.8765129886831275,48.70322004760271,0.9977676240973714,1440,1080,instagram_square,1080,1080,gradient,wide,2
gradient_wide_r2.png,simple_resize,0.7468529235253772,49.39845275505366,0.9980713552125094,1440,1080,instagram_landscape,1080,1080,gradient,wide,2
gradient_wide_r2.png,padding_resize,0.03499871399176955,62.69028274133036,0.9996876041300591,1440,1080,preprocessing_only,1080,1080,gradient,wide,2
gradient_wide_r2.png,padding_resize,878.1607574588477,18.695063350681938,0.9797461854266016,1440,1080,instagram_standard,1080,1080,gradient,wide,2
gradient_wide_r2.png,padding_resize,877.6653056412895,18.697514299561753,0.9804152619086334,1440,1080,instagram_high_quality,1080,1080,gradient,wide,2
gradient_wide_r2.png,padding_resize,878.8900510116598,18.691458125581608,0.9797826547395801,1440,1080,instagram_low_quality,1080,1080,gradient,wide,2
gradient_wide_r2.png,padding_resize,878.1607574588477,18.695063350681938,0.9797461854266016,1440,1080,instagram_square,1080,1080,gradient,wide,2
gradient_wide_r2.png,padding_resize,873.8306805126886,18.716530719896134,0.9804030647225781,1440,1080,instagram_landscape,1080,1080,gradient,wide,2
gradient_wide_r3.png,simple_resize,0.0,inf,1.0,1440,1080,preprocessing_only,1080,1080,gradient,wide,3
gradient_wide_r3.png,simple_resize,0.8013888888888889,49.09237044143447,0.9976461952976502,1440,1080,instagram_standard,1080,1080,gradient,wide,3
gradient_wide_r3.png,simple_resize,0.5148148148148148,51.01429324772803,0.9982795933414866,1440,1080,instagram_high_quality,1080,1080,gradient,wide,3
gradient_wide_r3.png,simple_resize,0.9998456790123457,48.13147386793177,0.9973355997418906,1440,1080,instagram_low_quality,1080,1080,gradient,wide,3
gradient_wide_r3.png,simple_resize,0.8013888888888889,49.09237044143447,0.9976461952976502,1440,1080,instagram_square,1080,1080,gradient,wide,3
gradient_wide_r3.png,simple_resize,0.7413657407407407,49.430478478970834,0.998062928614246,1440,1080,instagram_landscape,1080,1080,gradient,wide,3
gradient_wide_r3.png,padding_resize,0.03796296296296296,62.33720259635125,0.9997512558396272,1440,1080,preprocessing_only,1080,1080,gradient,wide,3
gradient_wide_r3.png,padding_resize,1741.2222222222222,15.72226159695379,0.8982807707086913,1440,1080,instagram_standard,1080,1080,gradient,wide,3
gradient_wide_r3.png,padding_resize,1742.2513888888889,15.719695414647308,0.8991304227367306,1440,1080,instagram_high_quality,1080,1080,gradient,wide,3
gradient_wide_r3.png,padding_resize,1725.8737654320987,15.76071333672473,0.897810597754698,1440,1080,instagram_low_quality,1080,1080,gradient,wide,3
gradient_wide_r3.png,padding_resize,1741.2222222222222,15.72226159695379,0.8982807707086913,1440,1080,instagram_square,1080,1080,gradient,wide,3
gradient_wide_r3.png,padding_resize,1738.6861625514402,15.72859163093172,0.8984010990572907,1440,1080,instagram_landscape,1080,1080,gradient,wide,3
macro_biology_portrait_r1.png,simple_resize,0.04560509068739521,61.54067037193688,0.9998127746250225,810,1080,preprocessing_only,1080,1080,macro_biology,portrait,1
macro_biology_portrait_r1.png,simple_resize,2.4285531931108064,44.27732740511399,0.99525467393028,810,1080,instagram_standard,1080,1080,macro_biology,portrait,1
macro_biology_portrait_r1.png,simple_resize,1.591075674439872,46.113895248982075,0.9968467615329692,810,1080,instagram_high_quality,1080,1080,macro_biology,portrait,1
macro_biology_portrait_r1.png,simple_resize,2.9611263526901386,43.41623421528146,0.9942289904345716,810,1080,instagram_low_quality,1080,1080,macro_biology,portrait,1
macro_biology_portrait_r1.png,simple_resize,2.4285531931108064,44.27732740511399,0.99525467393028,810,1080,instagram_square,1080,1080,macro_biology,portrait,1
macro_biology_portrait_r1.png,simple_resize,4.189295839048926,41.90939330482857,0.9936498710253342,810,1080,instagram_landscape,1080,1080,macro_biology,portrait,1
macro_biology_portrait_r1.png,padding_resize,0.0,inf,1.0,810,1080,preprocessing_only,1080,1080,macro_biology,portrait,1
macro_biology_portrait_r1.png,padding_resize,6117.267024462734,10.265229225934817,0.39399568114684064,810,1080,instagram_standard,1080,1080,macro_biology,portrait,1
macro_biology_portrait_r1.png,padding_resize,6108.34349603719,10.271569097201041,0.39449542243429025,810,1080,instagram_high_quality,1080,1080,macro_biology,portrait,1
macro_biology_portrait_r1.png,padding_resize,6114.039574759945,10.267521153813009,0.39379690288855507,810,1080,instagram_low_quality,1080,1080,macro_biology,portrait,1
macro_biology_portrait_r1.png,padding_resize,6117.267024462734,10.265229225934817,0.39399568114684064,810,1080,instagram_square,1080,1080,macro_biology,portrait,1
macro_biology_portrait_r1.png,padding_resize,6112.5983661027285,10.268544998590333,0.3934050859970957,810,1080,instagram_landscape,1080,1080,macro_biology,portrait,1
macro_biology_portrait_r2.png,simple_resize,0.06890184423106234,59.74849514451509,0.9998288084216885,810,1080,preprocessing_only,1080,1080,macro_biology,portrait,2
macro_biology_portrait_r2.png,simple_resize,3.105723212924859,43.2091761277729,0.9948572854352341,810,1080,instagram_standard,1080,1080,macro_biology,portrait,2
macro_biology_portrait_r2.png,simple_resize,2.0201623228166437,45.07694093861258,0.9966815415562612,810,1080,instagram_high_quality,1080,1080,macro_biology,portrait,2
macro_biology_portrait_r2.png,simple_resize,3.7773567291571406,42.35892359840026,0.9935792114834532,810,1080,instagram_low_quality,1080,1080,macro_biology,portrait,2
macro_biology_portrait_r2.png,simple_resize,3.105723212924859,43.2091761277729,0.9948572854352341,810,1080,instagram_square,1080,1080,macro_biology,portrait,2
macro_biology_portrait_r2.png,simple_resize,6.0543133668648075,40.31015464898481,0.9931179366068893,810,1080,instagram_landscape,1080,1080,macro_biology,portrait,2
macro_biology_portrait_r2.png,padding_resize,0.0,inf,1.0,810,1080,preprocessing_only,1080,1080,macro_biology,portrait,2
macro_biology_portrait_r2.png,padding_resize,4100.935,12.001974751125005,0.4914268475726844,810,1080,instagram_standard,1080,1080,macro_biology,portrait,2
macro_biology_portrait_r2.png,padding_resize,4096.681937585734,12.006481138084766,0.4918881783301944,810,1080,instagram_high_quality,1080,1080,macro_biology,portrait,2
macro_biology_portrait_r2.png,padding_resize,4104.279214296601,11.998434626863032,0.49124461249293655,810,1080,instagram_low_quality,1080,1080,macro_biology,portrait,2
macro_biology_portrait_r2.png,padding_resize,4100.935,12.001974751125005,0.4914268475726844,810,1080,instagram_square,1080,1080,macro_biology,portrait,2
macro_biology_portrait_r2.png,padding_resize,4091.9819901691817,12.011466472616481,0.4906408653255779,810,1080,instagram_landscape,1080,1080,macro_biology,portrait,2
macro_biology_portrait_r3.png,simple_resize,0.7603825636335925,49.32048211386416,0.9992497654540197,810,1080,preprocessing_only,1080,1080,macro_biology,portrait,3
macro_biology_portrait_r3.png,simple_resize,13.608377533912513,36.79274011569942,0.9926196136368264,810,1080,instagram_standard,1080,1080,macro_biology,portrait,3
macro_biology_portrait_r3.png,simple_resize,11.127918762383782,37.66666414370731,0.9952224213765972,810,1080,instagram_high_quality,1080,1080,macro_biology,portrait,3
macro_biology_portrait_r3.png,simple_resize,14.849894071025759,36.41357005163034,0.9915310667264254,810,1080,instagram_low_quality,1080,1080,macro_biology,portrait,3
macro_biology_portrait_r3.png,simple_resize,13.608377533912513,36.79274011569942,0.9926196136368264,810,1080,instagram_square,1080,1080,macro_biology,portrait,3
macro_biology_portrait_r3.png,simple_resize,37.331879286694104,32.41000508008363,0.967168766485776,810,1080,instagram_landscape,1080,1080,macro_biology,portrait,3
macro_biology_portrait_r3.png,padding_resize,0.0,inf,1.0,810,1080,preprocessing_only,1080,1080,macro_biology,portrait,3
macro_biology_portrait_r3.png,padding_resize,1780.5092802164304,15.62536119259613,0.8421122526773681,810,1080,instagram_standard,1080,1080,macro_biology,portrait,3
macro_biology_portrait_r3.png,padding_resize,1781.1229648681604,15.623864576201328,0.8429048561473985,810,1080,instagram_high_quality,1080,1080,macro_biology,portrait,3
macro_biology_portrait_r3.png,padding_resize,1778.2798167200121,15.630802615475607,0.8417761144984777,810,1080,instagram_low_quality,1080,1080,macro_biology,portrait,3
macro_biology_portrait_r3.png,padding_resize,1780.5092802164304,15.62536119259613,0.8421122526773681,810,1080,instagram_square,1080,1080,macro_biology,portrait,3
macro_biology_portrait_r3.png,padding_resize,1768.7975548696845,15.654022316519214,0.8369291831032195,810,1080,instagram_landscape,1080,1080,macro_biology,portrait,3
macro_biology_square_r1.png,simple_resize,0.0,inf,1.0,1080,1080,preprocessing_only,1080,1080,macro_biology,square,1
macro_biology_square_r1.png,simple_resize,11.506631229995428,37.52132166027698,0.9937008371952515,1080,1080,instagram_standard,1080,1080,macro_biology,square,1
macro_biology_square_r1.png,simple_resize,9.415048868312757,38.39257782326858,0.9959221669575136,1080,1080,instagram_high_quality,1080,1080,macro_biology,square,1
macro_biology_square_r1.png,simple_resize,12.738745427526291,37.07953702156766,0.9926214149373438,1080,1080,instagram_low_quality,1080,1080,macro_biology,square,1
macro_biology_square_r1.png,simple_resize,11.506631229995428,37.52132166027698,0.9937008371952515,1080,1080,instagram_square,1080,1080,macro_biology,square,1
macro_biology_square_r1.png,simple_resize,30.53684156378601,33.28256245054973,0.9776350960296847,1080,1080,instagram_landscape,1080,1080,macro_biology,square,1
macro_biology_square_r1.png,padding_resize,0.0,inf,1.0,1080,1080,preprocessing_only,1080,1080,macro_biology,square,1
macro_biology_square_r1.png,padding_resize,11.506631229995428,37.52132166027698,0.9937008371952515,1080,1080,instagram_standard,1080,1080,macro_biology,square,1
macro_biology_square_r1.png,padding_resize,9.415048868312757,38.39257782326858,0.9959221669575136,1080,1080,instagram_high_quality,1080,1080,macro_biology,square,1
macro_biology_square_r1.png,padding_resize,12.738745427526291,37.07953702156766,0.9926214149373438,1080,1080,instagram_low_quality,1080,1080,macro_biology,square,1
macro_biology_square_r1.png,padding_resize,11.506631229995428,37.52132166027698,0.9937008371952515,1080,1080,instagram_square,1080,1080,macro_biology,square,1
macro_biology_square_r1.png,padding_resize,30.53684156378601,33.28256245054973,0.9776350960296847,1080,1080,instagram_landscape,1080,1080,macro_biology,square,1
macro_biology_square_r2.png,simple_resize,0.0,inf,1.0,1080,1080,preprocessing_only,1080,1080,macro_biology,square,2
macro_biology_square_r2.png,simple_resize,15.239993998628258,36.30095564885532,0.9919286910967419,1080,1080,instagram_standard,1080,1080,macro_biology,square,2
macro_biology_square_r2.png,simple_resize,12.045244341563786,37.32264746644254,0.9947001668546301,1080,1080,instagram_high_quality,1080,1080,macro_biology,square,2
macro_biology_square_r2.png,simple_resize,16.38927269090078,35.98520679618153,0.9908285485819127,1080,1080,instagram_low_quality,1080,1080,macro_biology,square,2
macro_biology_square_r2.png,simple_resize,15.239993998628258,36.30095564885532,0.9919286910967419,1080,1080,instagram_square,1080,1080,macro_biology,square,2
macro_biology_square_r2.png,simple_resize,39.40572416552355,32.17521047851155,0.9700964222584979,1080,1080,instagram_landscape,1080,1080,macro_biology,square,2
macro_biology_square_r2.png,padding_resize,0.0,inf,1.0,1080,1080,preprocessing_only,1080,1080,macro_biology,square,2
macro_biology_square_r2.png,padding_resize,15.239993998628258,36.30095564885532,0.9919286910967419,1080,1080,instagram_standard,1080,1080,macro_biology,square,2
macro_biology_square_r2.png,padding_resize,12.045244341563786,37.32264746644254,0.9947001668546301,1080,1080,instagram_high_quality,1080,1080,macro_biology,square,2
macro_biology_square_r2.png,padding_resize,16.38927269090078,35.98520679618153,0.9908285485819127,1080,1080,instagram_low_quality,1080,1080,macro_biology,square,2
macro_biology_square_r2.png,padding_resize,15.239993998628258,36.30095564885532,0.9919286910967419,1080,1080,instagram_square,1080,1080,macro_biology,square,2
macro_biology_square_r2.png,padding_resize,39.40572416552355,32.17521047851155,0.9700964222584979,1080,1080,instagram_landscape,1080,1080,macro_biology,square,2
macro_biology_square_r3.png,simple_resize,0.0,inf,1.0,1080,1080,preprocessing_only,1080,1080,macro_biology,square,3
macro_biology_square_r3.png,simple_resize,2.4029289551897577,44.323394301910064,0.9941989679235095,1080,1080,instagram_standard,1080,1080,macro_biology,square,3
macro_biology_square_r3.png,simple_resize,1.4970301783264746,46.37849805582603,0.9962270413817095,1080,1080,instagram_high_quality,1080,1080,macro_biology,square,3
macro_biology_square_r3.png,simple_resize,2.701810985368084,43.81425397707787,0.9935287995933414,1080,1080,instagram_low_quality,1080,1080,macro_biology,square,3
macro_biology_square_r3.png,simple_resize,2.4029289551897577,44.323394301910064,0.9941989679235095,1080,1080,instagram_square,1080,1080,macro_biology,square,3
macro_biology_square_r3.png,simple_resize,4.3838757430269775,41.71222124899466,0.9936284678489451,1080,1080,instagram_landscape,1080,1080,macro_biology,square,3
macro_biology_square_r3.png,padding_resize,0.0,inf,1.0,1080,1080,preprocessing_only,1080,1080,macro_biology,square,3
macro_biology_square_r3.png,padding_resize,2.4029289551897577,44.323394301910064,0.9941989679235095,1080,1080,instagram_standard,1080,1080,macro_biology,square,3
macro_biology_square_r3.png,padding_resize,1.4970301783264746,46.37849805582603,0.9962270413817095,1080,1080,instagram_high_quality,1080,1080,macro_biology,square,3
macro_biology_square_r3.png,padding_resize,2.701810985368084,43.81425397707787,0.9935287995933414,1080,1080,instagram_low_quality,1080,1080,macro_biology,square,3
macro_biology_square_r3.png,padding_resize,2.4029289551897577,44.323394301910064,0.9941989679235095,1080,1080,instagram_square,1080,1080,macro_biology,square,3
macro_biology_square_r3.png,padding_resize,4.3838757430269775,41.71222124899466,0.9936284678489451,1080,1080,instagram_landscape,1080,1080,macro_biology,square,3
macro_biology_very_tall_r1.png,simple_resize,0.9396987882944673,48.40091694018271,0.9993909267888718,540,1080,preprocessing_only,1080,1080,macro_biology,very_tall,1
macro_biology_very_tall_r1.png,simple_resize,15.837555441243714,36.1339221267434,0.9948448876773417,540,1080,instagram_standard,1080,1080,macro_biology,very_tall,1
macro_biology_very_tall_r1.png,simple_resize,12.84078932327389,37.044886402342854,0.9969840377677376,540,1080,instagram_high_quality,1080,1080,macro_biology,very_tall,1
macro_biology_very_tall_r1.png,simple_resize,17.315662437128488,35.74641250065516,0.9940221230502825,540,1080,instagram_low_quality,1080,1080,macro_biology,very_tall,1
macro_biology_very_tall_r1.png,simple_resize,15.837555441243714,36.1339221267434,0.9948448876773417,540,1080,instagram_square,1080,1080,macro_biology,very_tall,1
macro_biology_very_tall_r1.png,simple_resize,39.76958390489255,32.13529313727906,0.9713247996772143,540,1080,instagram_landscape,1080,1080,macro_biology,very_tall,1
macro_biology_very_tall_r1.png,padding_resize,0.0,inf,1.0,540,1080,preprocessing_only,1080,1080,macro_biology,very_tall,1
macro_biology_very_tall_r1.png,padding_resize,3105.203199016918,13.209903359610088,0.8163150972549814,540,1080,instagram_standard,1080,1080,macro_biology,very_tall,1
macro_biology_very_tall_r1.png,padding_resize,3105.768688271605,13.209112536956173,0.8168888309302588,540,1080,instagram_high_quality,1080,1080,macro_biology,very_tall,1
macro_biology_very_tall_r1.png,padding_resize,3108.7484327846364,13.204947815310215,0.816206769082358,540,1080,instagram_low_quality,1080,1080,macro_biology,very_tall,1
macro_biology_very_tall_r1.png,padding_resize,3105.203199016918,13.209903359610088,0.8163150972549814,540,1080,instagram_square,1080,1080,macro_biology,very_tall,1
macro_biology_very_tall_r1.png,padding_resize,3092.1997307956103,13.228128228464197,0.8124358347566976,540,1080,instagram_landscape,1080,1080,macro_biology,very_tall,1
macro_biology_very_tall_r2.png,simple_resize,1.0848519661636946,47.777098804385865,0.9992667729705758,540,1080,preprocessing_only,1080,1080,macro_biology,very_tall,2
macro_biology_very_tall_r2.png,simple_resize,18.758969478738,35.39871384073819,0.9938147916405217,540,1080,instagram_standard,1080,1080,macro_biology,very_tall,2
macro_biology_very_tall_r2.png,simple_resize,15.30001314586191,36.283885569017606,0.9962224180471958,540,1080,instagram_high_quality,1080,1080,macro_biology,very_tall,2
macro_biology_very_tall_r2.png,simple_resize,20.322781778692274,35.05097207037075,0.9925029650933784,540,1080,instagram_low_quality,1080,1080,macro_biology,very_tall,2
macro_biology_very_tall_r2.png,simple_resize,18.758969478738,35.39871384073819,0.9938147916405217,540,1080,instagram_square,1080,1080,macro_biology,very_tall,2
macro_biology_very_tall_r2.png,simple_resize,44.693874028349335,31.628323602864228,0.9662782822764135,540,1080,instagram_landscape,1080,1080,macro_biology,very_tall,2
macro_biology_very_tall_r2.png,padding_resize,0.0,inf,1.0,540,1080,preprocessing_only,1080,1080,macro_biology,very_tall,2
macro_biology_very_tall_r2.png,padding_resize,3026.635492684042,13.32120240224535,0.8056105769789359,540,1080,instagram_standard,1080,1080,macro_biology,very_tall,2
macro_biology_very_tall_r2.png,padding_resize,3027.388048125286,13.320122688316458,0.8059845758710102,540,1080,instagram_high_quality,1080,1080,macro_biology,very_tall,2
macro_biology_very_tall_r2.png,padding_resize,3027.434333561957,13.32005628996991,0.8049923574959904,540,1080,instagram_low_quality,1080,1080,macro_biology,very_tall,2
macro_biology_very_tall_r2.png,padding_resize,3026.635492684042,13.32120240224535,0.8056105769789359,540,1080,instagram_square,1080,1080,macro_biology,very_tall,2
macro_biology_very_tall_r2.png,padding_resize,3008.8222862368543,13.346838236382784,0.8004772844599432,540,1080,instagram_landscape,1080,1080,macro_biology,very_tall,2
macro_biology_very_tall_r3.png,simple_resize,0.6963786008230453,49.70234943751823,0.9995059267157967,540,1080,preprocessing_only,1080,1080,macro_biology,very_tall,3
macro_biology_very_tall_r3.png,simple_resize,12.57052069044353,37.13727093659045,0.9952729412884115,540,1080,instagram_standard,1080,1080,macro_biology,very_tall,3
macro_biology_very_tall_r3.png,simple_resize,10.060056012802926,38.1047996205819,0.9973190118237493,540,1080,instagram_high_quality,1080,1080,macro_biology,very_tall,3
macro_biology_very_tall_r3.png,simple_resize,13.613257315957933,36.79118307296513,0.9943790460519198,540,1080,instagram_low_quality,1080,1080,macro_biology,very_tall,3
macro_biology_very_tall_r3.png,simple_resize,12.57052069044353,37.13727093659045,0.9952729412884115,540,1080,instagram_square,1080,1080,macro_biology,very_tall,3
macro_biology_very_tall_r3.png,simple_resize,31.412822930955645,33.15973394598399,0.9773788803706681,540,1080,instagram_landscape,1080,1080,macro_biology,very_tall,3
macro_biology_very_tall_r3.png,padding_resize,0.0,inf,1.0,540,1080,preprocessing_only,1080,1080,macro_biology,very_tall,3
macro_biology_very_tall_r3.png,padding_resize,2132.352724622771,14.84221315444479,0.8625687191178703,540,1080,instagram_standard,1080,1080,macro_biology,very_tall,3
macro_biology_very_tall_r3.png,padding_resize,2131.2389849108367,14.84448209131832,0.8629040613895953,540,1080,instagram_high_quality,1080,1080,macro_biology,very_tall,3
macro_biology_very_tall_r3.png,padding_resize,2130.4638717421126,14.846061870045563,0.8620714886157309,540,1080,instagram_low_quality,1080,1080,macro_biology,very_tall,3
macro_biology_very_tall_r3.png,padding_resize,2132.352724622771,14.84221315444479,0.8625687191178703,540,1080,instagram_square,1080,1080,macro_biology,very_tall,3
macro_biology_very_tall_r3.png,padding_resize,2124.1985396662094,14.858852549312548,0.8592844159825597,540,1080,instagram_landscape,1080,1080,macro_biology,very_tall,3
macro_biology_very_wide_r1.png,simple_resize,7.221521809895833,39.544516336587485,0.9947910922582064,1920,960,preprocessing_only,1080,1080,macro_biology,very_wide,1
macro_biology_very_wide_r1.png,simple_resize,19.385527162905092,35.25602745319481,0.9863916609602789,1920,960,instagram_standard,1080,1080,macro_biology,very_wide,1
macro_biology_very_wide_r1.png,simple_resize,16.355642722800926,35.99412745731196,0.9896543765741057,1920,960,instagram_high_quality,1080,1080,macro_biology,very_wide,1
macro_biology_very_wide_r1.png,simple_resize,21.297089662905094,34.84760101546471,0.9847851672080837,1920,960,instagram_low_quality,1080,1080,macro_biology,very_wide,1
macro_biology_very_wide_r1.png,simple_resize,19.385527162905092,35.25602745319481,0.9863916609602789,1920,960,instagram_square,1080,1080,macro_biology,very_wide,1
macro_biology_very_wide_r1.png,simple_resize,45.82169252748842,31.520092340727363,0.9631686786098116,1920,960,instagram_landscape,1080,1080,macro_biology,very_wide,1
macro_biology_very_wide_r1.png,padding_resize,14.464751519097222,36.52769383292607,0.9902223719378938,1920,960,preprocessing_only,1080,1080,macro_biology,very_wide,1
macro_biology_very_wide_r1.png,padding_resize,3678.9733345992477,12.473537208156289,0.8680082058829817,1920,960,instagram_standard,1080,1080,macro_biology,very_wide,1
macro_biology_very_wide_r1.png,padding_resize,3679.2141650390627,12.473252922573383,0.8689844903725834,1920,960,instagram_high_quality,1080,1080,macro_biology,very_wide,1
macro_biology_very_wide_r1.png,padding_resize,3684.1984009693288,12.467373511438364,0.8675192713938171,1920,960,instagram_low_quality,1080,1080,macro_biology,very_wide,1
macro_biology_very_wide_r1.png,padding_resize,3678.9733345992477,12.473537208156289,0.8680082058829817,1920,960,instagram_square,1080,1080,macro_biology,very_wide,1
macro_biology_very_wide_r1.png,padding_resize,3661.4488930483217,12.494273842882546,0.8651483430261319,1920,960,instagram_landscape,1080,1080,macro_biology,very_wide,1
macro_biology_very_wide_r2.png,simple_resize,0.3543623408564815,52.63632798971318,0.9989650614471712,1920,960,preprocessing_only,1080,1080,macro_biology,very_wide,2
macro_biology_very_wide_r2.png,simple_resize,3.337825882523148,42.896166828780906,0.9936836903180837,1920,960,instagram_standard,1080,1080,macro_biology,very_wide,2
macro_biology_very_wide_r2.png,simple_resize,2.289417679398148,44.533553286521,0.9955421911060683,1920,960,instagram_high_quality,1080,1080,macro_biology,very_wide,2
macro_biology_very_wide_r2.png,simple_resize,3.850091869212963,42.2760926829026,0.9923462901688813,1920,960,instagram_low_quality,1080,1080,macro_biology,very_wide,2
macro_biology_very_wide_r2.png,simple_resize,3.337825882523148,42.896166828780906,0.9936836903180837,1920,960,instagram_square,1080,1080,macro_biology,very_wide,2
macro_biology_very_wide_r2.png,simple_resize,7.150579969618056,39.58739092858457,0.9924749154297671,1920,960,instagram_landscape,1080,1080,macro_biology,very_wide,2
macro_biology_very_wide_r2.png,padding_resize,0.5267100694444444,50.91508739752966,0.9985773153502121,1920,960,preprocessing_only,1080,1080,macro_biology,very_wide,2
macro_biology_very_wide_r2.png,padding_resize,4671.094228515625,11.436617326056878,0.6272051892686505,1920,960,instagram_standard,1080,1080,macro_biology,very_wide,2
macro_biology_very_wide_r2.png,padding_resize,4671.6417764395255,11.436108273800507,0.6278177997323531,1920,960,instagram_high_quality,1080,1080,macro_biology,very_wide,2
macro_biology_very_wide_r2.png,padding_resize,4690.243846390335,11.418849385390104,0.627511227842804,1920,960,instagram_low_quality,1080,1080,macro_biology,very_wide,2
macro_biology_very_wide_r2.png,padding_resize,4671.094228515625,11.436617326056878,0.6272051892686505,1920,960,instagram_square,1080,1080,macro_biology,very_wide,2
macro_biology_very_wide_r2.png,padding_resize,4643.4837234157985,11.462364332931276,0.6268317377989496,1920,960,instagram_landscape,1080,1080,macro_biology,very_wide,2
macro_biology_very_wide_r3.png,simple_resize,0.2887794777199074,53.52514034261467,0.9992240659205635,1920,960,preprocessing_only,1080,1080,macro_biology,very_wide,3
macro_biology_very_wide_r3.png,simple_resize,3.326106228298611,42.911442453809265,0.9943776609850212,1920,960,instagram_standard,1080,1080,macro_biology,very_wide,3
macro_biology_very_wide_r3.png,simple_resize,2.1903123191550926,44.725743150621454,0.9958360358621036,1920,960,instagram_high_quality,1080,1080,macro_biology,very_wide,3
macro_biology_very_wide_r3.png,simple_resize,3.8993370225694446,42.22089587665896,0.9934549615012679,1920,960,instagram_low_quality,1080,1080,macro_biology,very_wide,3
macro_biology_very_wide_r3.png,simple_resize,3.326106228298611,42.911442453809265,0.9943776609850212,1920,960,instagram_square,1080,1080,macro_biology,very_wide,3
macro_biology_very_wide_r3.png,simple_resize,6.454661639178241,40.03206879887364,0.9926220396267477,1920,960,instagram_landscape,1080,1080,macro_biology,very_wide,3
macro_biology_very_wide_r3.png,padding_resize,0.4435197844328704,51.66167363355454,0.9989260562971829,1920,960,preprocessing_only,1080,1080,macro_biology,very_wide,3
macro_biology_very_wide_r3.png,padding_resize,5854.8602982132525,10.455638239597725,0.45263665530516495,1920,960,instagram_standard,1080,1080,macro_biology,very_wide,3
macro_biology_very_wide_r3.png,padding_resize,5852.886708622686,10.457102430917102,0.4529161900645786,1920,960,instagram_high_quality,1080,1080,macro_biology,very_wide,3
macro_biology_very_wide_r3.png,padding_resize,5872.859114945023,10.442307782670525,0.452330863856815,1920,960,instagram_low_quality,1080,1080,macro_biology,very_wide,3
macro_biology_very_wide_r3.png,padding_resize,5854.8602982132525,10.455638239597725,0.45263665530516495,1920,960,instagram_square,1080,1080,macro_biology,very_wide,3
macro_biology_very_wide_r3.png,padding_resize,5851.686561234085,10.457993052690572,0.45232313787461365,1920,960,instagram_landscape,1080,1080,macro_biology,very_wide,3
macro_biology_wide_r1.png,simple_resize,3.8036608367626887,42.328785758647,0.9975529168752958,1440,1080,preprocessing_only,1080,1080,macro_biology,wide,1
macro_biology_wide_r1.png,simple_resize,15.937968535665295,36.10647395751022,0.9896190841939131,1440,1080,instagram_standard,1080,1080,macro_biology,wide,1
macro_biology_wide_r1.png,simple_resize,13.128193801440329,36.948753816197296,0.9925403095639,1440,1080,instagram_high_quality,1080,1080,macro_biology,wide,1
macro_biology_wide_r1.png,simple_resize,17.227891375171467,35.7684823607038,0.9881557606362017,1440,1080,instagram_low_quality,1080,1080,macro_biology,wide,1
macro_biology_wide_r1.png,simple_resize,15.937968535665295,36.10647395751022,0.9896190841939131,1440,1080,instagram_square,1080,1080,macro_biology,wide,1
macro_biology_wide_r1.png,simple_resize,40.77894568758573,32.02644367674509,0.97008791425195,1440,1080,instagram_landscape,1080,1080,macro_biology,wide,1
macro_biology_wide_r1.png,padding_resize,7.133200660150892,39.59795919775794,0.9957058634224716,1440,1080,preprocessing_only,1080,1080,macro_biology,wide,1
macro_biology_wide_r1.png,padding_resize,1756.2873703275034,15.68484782591366,0.9001443889603876,1440,1080,instagram_standard,1080,1080,macro_biology,wide,1
macro_biology_wide_r1.png,padding_resize,1755.8724363425927,15.685873995283842,0.901582200675489,1440,1080,instagram_high_quality,1080,1080,macro_biology,wide,1
macro_biology_wide_r1.png,padding_resize,1754.2140987225653,15.689977637310335,0.899745402926632,1440,1080,instagram_low_quality,1080,1080,macro_biology,wide,1
macro_biology_wide_r1.png,padding_resize,1756.2873703275034,15.68484782591366,0.9001443889603876,1440,1080,instagram_square,1080,1080,macro_biology,wide,1
macro_biology_wide_r1.png,padding_resize,1736.6637330675583,15.733646259043521,0.8995565945576898,1440,1080,instagram_landscape,1080,1080,macro_biology,wide,1
macro_biology_wide_r2.png,simple_resize,2.9966520919067214,43.36444036119042,0.9980485034757844,1440,1080,preprocessing_only,1080,1080,macro_biology,wide,2
macro_biology_wide_r2.png,simple_resize,12.726158907750342,37.08383019028193,0.9908493266322596,1440,1080,instagram_standard,1080,1080,macro_biology,wide,2
macro_biology_wide_r2.png,simple_resize,10.196606438614541,38.046247038321795,0.9935444780247215,1440,1080,instagram_high_quality,1080,1080,macro_biology,wide,2
macro_biology_wide_r2.png,simple_resize,14.049085219478737,36.6543231399809,0.9897747719641204,1440,1080,instagram_low_quality,1080,1080,macro_biology,wide,2
macro_biology_wide_r2.png,simple_resize,12.726158907750342,37.08383019028193,0.9908493266322596,1440,1080,instagram_square,1080,1080,macro_biology,wide,2
macro_biology_wide_r2.png,simple_resize,35.009226037379975,32.68897851114317,0.9746851120753938,1440,1080,instagram_landscape,1080,1080,macro_biology,wide,2
macro_biology_wide_r2.png,padding_resize,6.267918595679013,40.15957013415484,0.9963748531800275,1440,1080,preprocessing_only,1080,1080,macro_biology,wide,2
macro_biology_wide_r2.png,padding_resize,1886.1123304612483,15.375128065881697,0.9080630034505158,1440,1080,instagram_standard,1080,1080,macro_biology,wide,2
macro_biology_wide_r2.png,padding_resize,1886.900125814472,15.373314474308856,0.9095059767431561,1440,1080,instagram_high_quality,1080,1080,macro_biology,wide,2
macro_biology_wide_r2.png,padding_resize,1883.1428572959533,15.38197093542706,0.9077922938403269,1440,1080,instagram_low_quality,1080,1080,macro_biology,wide,2
macro_biology_wide_r2.png,padding_resize,1886.1123304612483,15.375128065881697,0.9080630034505158,1440,1080,instagram_square,1080,1080,macro_biology,wide,2
macro_biology_wide_r2.png,padding_resize,1871.263837877229,15.409453359248172,0.9057892230294252,1440,1080,instagram_landscape,1080,1080,macro_biology,wide,2
macro_biology_wide_r3.png,simple_resize,3.5385913923182444,42.64249944120942,0.997971264611114,1440,1080,preprocessing_only,1080,1080,macro_biology,wide,3
macro_biology_wide_r3.png,simple_resize,13.39619170096022,36.86099007154343,0.9909211701008684,1440,1080,instagram_standard,1080,1080,macro_biology,wide,3
macro_biology_wide_r3.png,simple_resize,11.258017189643347,37.616184534275824,0.9935948276407507,1440,1080,instagram_high_quality,1080,1080,macro_biology,wide,3
macro_biology_wide_r3.png,simple_resize,14.601399605624144,36.48685874133719,0.9896477925745486,1440,1080,instagram_low_quality,1080,1080,macro_biology,wide,3
macro_biology_wide_r3.png,simple_resize,13.39619170096022,36.86099007154343,0.9909211701008684,1440,1080,instagram_square,1080,1080,macro_biology,wide,3
macro_biology_wide_r3.png,simple_resize,36.099742155349794,32.55576260926482,0.9715410547975369,1440,1080,instagram_landscape,1080,1080,macro_biology,wide,3
macro_biology_wide_r3.png,padding_resize,6.8622320816186555,39.76614959001163,0.9962552591474231,1440,1080,preprocessing_only,1080,1080,macro_biology,wide,3
macro_biology_wide_r3.png,padding_resize,2049.425413451646,15.014482435902677,0.893190412795086,1440,1080,instagram_standard,1080,1080,macro_biology,wide,3
macro_biology_wide_r3.png,padding_resize,2050.800876414609,15.011568665027342,0.8944038168456442,1440,1080,instagram_high_quality,1080,1080,macro_biology,wide,3
macro_biology_wide_r3.png,padding_resize,2047.6782840363512,15.018186363194976,0.8925620148847695,1440,1080,instagram_low_quality,1080,1080,macro_biology,wide,3
macro_biology_wide_r3.png,padding_resize,2049.425413451646,15.014482435902677,0.893190412795086,1440,1080,instagram_square,1080,1080,macro_biology,wide,3
macro_biology_wide_r3.png,padding_resize,2031.0054657493142,15.053692687080211,0.8897302092972373,1440,1080,instagram_landscape,1080,1080,macro_biology,wide,3
mountain_portrait_r1.png,simple_resize,0.283322664228014,53.607990438290756,0.9997917282998686,810,1080,preprocessing_only,1080,1080,mountain,portrait,1
mountain_portrait_r1.png,simple_resize,29.066192272519434,33.49692218789467,0.985141171675264,810,1080,instagram_standard,1080,1080,mountain,portrait,1
mountain_portrait_r1.png,simple_resize,23.579550373418687,34.40544841372832,0.9935207397775774,810,1080,instagram_high_quality,1080,1080,mountain,portrait,1
mountain_portrait_r1.png,simple_resize,31.601880810852006,33.133674301018154,0.9608158201946523,810,1080,instagram_low_quality,1080,1080,mountain,portrait,1
mountain_portrait_r1.png,simple_resize,29.066192272519434,33.49692218789467,0.985141171675264,810,1080,instagram_square,1080,1080,mountain,portrait,1
mountain_portrait_r1.png,simple_resize,55.076084057308336,30.721173067841214,0.8891436587212178,810,1080,instagram_landscape,1080,1080,mountain,portrait,1
mountain_portrait_r1.png,padding_resize,0.0,inf,1.0,810,1080,preprocessing_only,1080,1080,mountain,portrait,1
mountain_portrait_r1.png,padding_resize,4163.701623609206,11.936007610339734,0.8113950899907646,810,1080,instagram_standard,1080,1080,mountain,portrait,1
mountain_portrait_r1.png,padding_resize,4157.08310318549,11.942916544049627,0.817522351039176,810,1080,instagram_high_quality,1080,1080,mountain,portrait,1
mountain_portrait_r1.png,padding_resize,4166.536367931718,11.933051839170542,0.7937508070142277,810,1080,instagram_low_quality,1080,1080,mountain,portrait,1
mountain_portrait_r1.png,padding_resize,4163.701623609206,11.936007610339734,0.8113950899907646,810,1080,instagram_square,1080,1080,mountain,portrait,1
mountain_portrait_r1.png,padding_resize,4168.936224660875,11.930551094186853,0.7413491223783119,810,1080,instagram_landscape,1080,1080,mountain,portrait,1
mountain_portrait_r2.png,simple_resize,0.23111987501905198,54.492430668818514,0.9997525854650428,810,1080,preprocessing_only,1080,1080,mountain,portrait,2
mountain_portrait_r2.png,simple_resize,34.5755658436214,32.74311064617248,0.983630500805108,810,1080,instagram_standard,1080,1080,mountain,portrait,2
mountain_portrait_r2.png,simple_resize,29.6162570492303,33.41550190058155,0.9931785367983833,810,1080,instagram_high_quality,1080,1080,mountain,portrait,2
mountain_portrait_r2.png,simple_resize,37.084941319920745,32.438827647104645,0.9578326122695712,810,1080,instagram_low_quality,1080,1080,mountain,portrait,2
mountain_portrait_r2.png,simple_resize,34.5755658436214,32.74311064617248,0.983630500805108,810,1080,instagram_square,1080,1080,mountain,portrait,2
mountain_portrait_r2.png,simple_resize,55.99509602194787,30.64930367145031,0.8716787024817891,810,1080,instagram_landscape,1080,1080,mountain,portrait,2
mountain_portrait_r2.png,padding_resize,0.0,inf,1.0,810,1080,preprocessing_only,1080,1080,mountain,portrait,2
mountain_portrait_r2.png,padding_resize,3489.936901005944,12.702627859983185,0.8037272240402571,810,1080,instagram_standard,1080,1080,mountain,portrait,2
mountain_portrait_r2.png,padding_resize,3486.586442615455,12.706799237705393,0.8105892775339608,810,1080,instagram_high_quality,1080,1080,mountain,portrait,2
mountain_portrait_r2.png,padding_resize,3489.09332837982,12.703677744928095,0.7869770182728182,810,1080,instagram_low_quality,1080,1080,mountain,portrait,2
mountain_portrait_r2.png,padding_resize,3489.936901005944,12.702627859983185,0.8037272240402571,810,1080,instagram_square,1080,1080,mountain,portrait,2
mountain_portrait_r2.png,padding_resize,3498.94021795458,12.691438385719831,0.7215986693739049,810,1080,instagram_landscape,1080,1080,mountain,portrait,2
mountain_portrait_r3.png,simple_resize,0.1351329827770157,56.823189978576565,0.9998711880175989,810,1080,preprocessing_only,1080,1080,mountain,portrait,3
mountain_portrait_r3.png,simple_resize,36.47935718640451,32.510331839762536,0.984308767447289,810,1080,instagram_standard,1080,1080,mountain,portrait,3
mountain_portrait_r3.png,simple_resize,30.636831275720166,33.268365160507535,0.9923606572023167,810,1080,instagram_high_quality,1080,1080,mountain,portrait,3
mountain_portrait_r3.png,simple_resize,39.967544581618654,32.11372892803193,0.9587623624646399,810,1080,instagram_low_quality,1080,1080,mountain,portrait,3
mountain_portrait_r3.png,simple_resize,36.47935718640451,32.510331839762536,0.984308767447289,810,1080,instagram_square,1080,1080,mountain,portrait,3
mountain_portrait_r3.png,simple_resize,62.82165142508764,30.149710121327725,0.8698041070815653,810,1080,instagram_landscape,1080,1080,mountain,portrait,3
mountain_portrait_r3.png,padding_resize,0.0,inf,1.0,810,1080,preprocessing_only,1080,1080,mountain,portrait,3
mountain_portrait_r3.png,padding_resize,3623.5941735253773,12.53940808195276,0.8341433240772885,810,1080,instagram_standard,1080,1080,mountain,portrait,3
mountain_portrait_r3.png,padding_resize,3619.903899557994,12.543833197396243,0.8401329711623303,810,1080,instagram_high_quality,1080,1080,mountain,portrait,3
mountain_portrait_r3.png,padding_resize,3624.26063214449,12.538609392383847,0.81696676235197,810,1080,instagram_low_quality,1080,1080,mountain,portrait,3
mountain_portrait_r3.png,padding_resize,3623.5941735253773,12.53940808195276,0.8341433240772885,810,1080,instagram_square,1080,1080,mountain,portrait,3
mountain_portrait_r3.png,padding_resize,3635.1368019356805,12.52559601461622,0.7484317009324681,810,1080,instagram_landscape,1080,1080,mountain,portrait,3
mountain_square_r1.png,simple_resize,0.0,inf,1.0,1080,1080,preprocessing_only,1080,1080,mountain,square,1
mountain_square_r1.png,simple_resize,30.7514020347508,33.25215439713388,0.9833885876370313,1080,1080,instagram_standard,1080,1080,mountain,square,1
mountain_square_r1.png,simple_resize,27.2145987654321,33.782784251265696,0.9930553757271493,1080,1080,instagram_high_quality,1080,1080,mountain,square,1
mountain_square_r1.png,simple_resize,33.42230681298582,32.89043939201134,0.9608472582740648,1080,1080,instagram_low_quality,1080,1080,mountain,square,1
mountain_square_r1.png,simple_resize,30.7514020347508,33.25215439713388,0.9833885876370313,1080,1080,instagram_square,1080,1080,mountain,square,1
mountain_square_r1.png,simple_resize,52.12729623914038,30.960151615283436,0.8931350711567544,1080,1080,instagram_landscape,1080,1080,mountain,square,1
mountain_square_r1.png,padding_resize,0.0,inf,1.0,1080,1080,preprocessing_only,1080,1080,mountain,square,1
mountain_square_r1.png,padding_resize,30.7514020347508,33.25215439713388,0.9833885876370313,1080,1080,instagram_standard,1080,1080,mountain,square,1
mountain_square_r1.png,padding_resize,27.2145987654321,33.782784251265696,0.9930553757271493,1080,1080,instagram_high_quality,1080,1080,mountain,square,1
mountain_square_r1.png,padding_resize,33.42230681298582,32.89043939201134,0.9608472582740648,1080,1080,instagram_low_quality,1080,1080,mountain,square,1
mountain_square_r1.png,padding_resize,30.7514020347508,33.25215439713388,0.9833885876370313,1080,1080,instagram_square,1080,1080,mountain,square,1
mountain_square_r1.png,padding_resize,52.12729623914038,30.960151615283436,0.8931350711567544,1080,1080,instagram_landscape,1080,1080,mountain,square,1
mountain_square_r2.png,simple_resize,0.0,inf,1.0,1080,1080,preprocessing_only,1080,1080,mountain,square,2
mountain_square_r2.png,simple_resize,37.04138688843164,32.44393121877537,0.9850598636375717,1080,1080,instagram_standard,1080,1080,mountain,square,2
mountain_square_r2.png,simple_resize,30.424503600823044,33.29856859756509,0.9924938940511301,1080,1080,instagram_high_quality,1080,1080,mountain,square,2
mountain_square_r2.png,simple_resize,39.23124457018747,32.19448274981782,0.9579283446546014,1080,1080,instagram_low_quality,1080,1080,mountain,square,2
mountain_square_r2.png,simple_resize,37.04138688843164,32.44393121877537,0.9850598636375717,1080,1080,instagram_square,1080,1080,mountain,square,2
mountain_square_r2.png,simple_resize,55.496726680384086,30.68812992638387,0.8805771080925394,1080,1080,instagram_landscape,1080,1080,mountain,square,2
mountain_square_r2.png,padding_resize,0.0,inf,1.0,1080,1080,preprocessing_only,1080,1080,mountain,square,2
mountain_square_r2.png,padding_resize,37.04138688843164,32.44393121877537,0.9850598636375717,1080,1080,instagram_standard,1080,1080,mountain,square,2
mountain_square_r2.png,padding_resize,30.424503600823044,33.29856859756509,0.9924938940511301,1080,1080,instagram_high_quality,1080,1080,mountain,square,2
mountain_square_r2.png,padding_resize,39.23124457018747,32.19448274981782,0.9579283446546014,1080,1080,instagram_low_quality,1080,1080,mountain,square,2
mountain_square_r2.png,padding_resize,37.04138688843164,32.44393121877537,0.9850598636375717,1080,1080,instagram_square,1080,1080,mountain,square,2
mountain_square_r2.png,padding_resize,55.496726680384086,30.68812992638387,0.8805771080925394,1080,1080,instagram_landscape,1080,1080,mountain,square,2
mountain_square_r3.png,simple_resize,0.0,inf,1.0,1080,1080,preprocessing_only,1080,1080,mountain,square,3
mountain_square_r3.png,simple_resize,30.827616598079562,33.24140411824662,0.9838117081896753,1080,1080,instagram_standard,1080,1080,mountain,square,3
mountain_square_r3.png,simple_resize,26.355936499771378,33.922019083511955,0.9918951434311007,1080,1080,instagram_high_quality,1080,1080,mountain,square,3
mountain_square_r3.png,simple_resize,33.78490969364426,32.84357598465416,0.9627151695406829,1080,1080,instagram_low_quality,1080,1080,mountain,square,3
mountain_square_r3.png,simple_resize,30.827616598079562,33.24140411824662,0.9838117081896753,1080,1080,instagram_square,1080,1080,mountain,square,3
mountain_square_r3.png,simple_resize,55.41699731367169,30.694373703749925,0.8921269725996608,1080,1080,instagram_landscape,1080,1080,mountain,square,3
mountain_square_r3.png,padding_resize,0.0,inf,1.0,1080,1080,preprocessing_only,1080,1080,mountain,square,3
mountain_square_r3.png,padding_resize,30.827616598079562,33.24140411824662,0.9838117081896753,1080,1080,instagram_standard,1080,1080,mountain,square,3
mountain_square_r3.png,padding_resize,26.355936499771378,33.922019083511955,0.9918951434311007,1080,1080,instagram_high_quality,1080,1080,mountain,square,3
mountain_square_r3.png,padding_resize,33.78490969364426,32.84357598465416,0.9627151695406829,1080,1080,instagram_low_quality,1080,1080,mountain,square,3
mountain_square_r3.png,padding_resize,30.827616598079562,33.24140411824662,0.9838117081896753,1080,1080,instagram_square,1080,1080,mountain,square,3
mountain_square_r3.png,padding_resize,55.41699731367169,30.694373703749925,0.8921269725996608,1080,1080,instagram_landscape,1080,1080,mountain,square,3
mountain_very_tall_r1.png,simple_resize,0.2742781207133059,53.748891957440975,0.9996469039221181,540,1080,preprocessing_only,1080,1080,mountain,very_tall,1
mountain_very_tall_r1.png,simple_resize,24.51426154549611,34.23661545543373,0.9871158074914821,540,1080,instagram_standard,1080,1080,mountain,very_tall,1
mountain_very_tall_r1.png,simple_resize,20.677139917695474,34.9758989433112,0.9940605656595125,540,1080,instagram_high_quality,1080,1080,mountain,very_tall,1
mountain_very_tall_r1.png,simple_resize,26.155687014174667,33.955142290280065,0.960865266993057,540,1080,instagram_low_quality,1080,1080,mountain,very_tall,1
mountain_very_tall_r1.png,simple_resize,24.51426154549611,34.23661545543373,0.9871158074914821,540,1080,instagram_square,1080,1080,mountain,very_tall,1
mountain_very_tall_r1.png,simple_resize,45.02138488797439,31.596615108085903,0.9151617508954429,540,1080,instagram_landscape,1080,1080,mountain,very_tall,1
mountain_very_tall_r1.png,padding_resize,0.0,inf,1.0,540,1080,preprocessing_only,1080,1080,mountain,very_tall,1
mountain_very_tall_r1.png,padding_resize,4887.666012231367,11.239788391654562,0.6641810017302325,540,1080,instagram_standard,1080,1080,mountain,very_tall,1
mountain_very_tall_r1.png,padding_resize,4886.329995999085,11.240975673663963,0.6674792428403405,540,1080,instagram_high_quality,1080,1080,mountain,very_tall,1
mountain_very_tall_r1.png,padding_resize,4882.194246113398,11.244653063240293,0.6574543692569105,540,1080,instagram_low_quality,1080,1080,mountain,very_tall,1
mountain_very_tall_r1.png,padding_resize,4887.666012231367,11.239788391654562,0.6641810017302325,540,1080,instagram_square,1080,1080,mountain,very_tall,1
mountain_very_tall_r1.png,padding_resize,4889.726000228624,11.237958371068103,0.6298877170156166,540,1080,instagram_landscape,1080,1080,mountain,very_tall,1
mountain_very_tall_r2.png,simple_resize,0.26018918609967995,53.977911182765894,0.999718251037741,540,1080,preprocessing_only,1080,1080,mountain,very_tall,2
mountain_very_tall_r2.png,simple_resize,24.689217535436672,34.205730346227725,0.9879243255196876,540,1080,instagram_standard,1080,1080,mountain,very_tall,2
mountain_very_tall_r2.png,simple_resize,20.6993792866941,34.97123038425746,0.9942277666231423,540,1080,instagram_high_quality,1080,1080,mountain,very_tall,2
mountain_very_tall_r2.png,simple_resize,26.87413180155464,33.837459180794866,0.9616193631749393,540,1080,instagram_low_quality,1080,1080,mountain,very_tall,2
mountain_very_tall_r2.png,simple_resize,24.689217535436672,34.205730346227725,0.9879243255196876,540,1080,instagram_square,1080,1080,mountain,very_tall,2
mountain_very_tall_r2.png,simple_resize,47.011994741655236,31.408716819639686,0.9005046974841516,540,1080,instagram_landscape,1080,1080,mountain,very_tall,2
mountain_very_tall_r2.png,padding_resize,0.0,inf,1.0,540,1080,preprocessing_only,1080,1080,mountain,very_tall,2
mountain_very_tall_r2.png,padding_resize,4968.571318587105,11.168488328290184,0.7302543322245544,540,1080,instagram_standard,1080,1080,mountain,very_tall,2
mountain_very_tall_r2.png,padding_resize,4966.662735482396,11.170156909254288,0.7332825163470177,540,1080,instagram_high_quality,1080,1080,mountain,very_tall,2
mountain_very_tall_r2.png,padding_resize,4972.461649519891,11.165089185869963,0.7174513598171463,540,1080,instagram_low_quality,1080,1080,mountain,very_tall,2
mountain_very_tall_r2.png,padding_resize,4968.571318587105,11.168488328290184,0.7302543322245544,540,1080,instagram_square,1080,1080,mountain,very_tall,2
mountain_very_tall_r2.png,padding_resize,4976.058843735711,11.161948534619544,0.6876650203893426,540,1080,instagram_landscape,1080,1080,mountain,very_tall,2
mountain_very_tall_r3.png,simple_resize,0.2778840877914952,53.692166819646005,0.9997497563024783,540,1080,preprocessing_only,1080,1080,mountain,very_tall,3
mountain_very_tall_r3.png,simple_resize,27.972067329675355,33.66355795937515,0.9866203565755401,540,1080,instagram_standard,1080,1080,mountain,very_tall,3
mountain_very_tall_r3.png,simple_resize,23.99745656149977,34.329151466496704,0.9935883762255225,540,1080,instagram_high_quality,1080,1080,mountain,very_tall,3
mountain_very_tall_r3.png,simple_resize,30.604701646090536,33.27292210788238,0.9556845485625975,540,1080,instagram_low_quality,1080,1080,mountain,very_tall,3
mountain_very_tall_r3.png,simple_resize,27.972067329675355,33.66355795937515,0.9866203565755401,540,1080,instagram_square,1080,1080,mountain,very_tall,3
mountain_very_tall_r3.png,simple_resize,50.18534122085048,31.125034795111425,0.901735958826358,540,1080,instagram_landscape,1080,1080,mountain,very_tall,3
mountain_very_tall_r3.png,padding_resize,0.0,inf,1.0,540,1080,preprocessing_only,1080,1080,mountain,very_tall,3
mountain_very_tall_r3.png,padding_resize,5652.2358098994055,10.608600886535655,0.7033489875528894,540,1080,instagram_standard,1080,1080,mountain,very_tall,3
mountain_very_tall_r3.png,padding_resize,5648.605211476909,10.611391384892654,0.706832784441347,540,1080,instagram_high_quality,1080,1080,mountain,very_tall,3
mountain_very_tall_r3.png,padding_resize,5653.974849679927,10.607264885625735,0.6882151830766172,540,1080,instagram_low_quality,1080,1080,mountain,very_tall,3
mountain_very_tall_r3.png,padding_resize,5652.2358098994055,10.608600886535655,0.7033489875528894,540,1080,instagram_square,1080,1080,mountain,very_tall,3
mountain_very_tall_r3.png,padding_resize,5657.4124194101505,10.604625213628944,0.661833305805324,540,1080,instagram_landscape,1080,1080,mountain,very_tall,3
mountain_very_wide_r1.png,simple_resize,5.645056061921296,40.614121015401096,0.9920324293922625,1920,960,preprocessing_only,1080,1080,mountain,very_wide,1
mountain_very_wide_r1.png,simple_resize,33.045417390046296,32.9396911914023,0.9813743165496269,1920,960,instagram_standard,1080,1080,mountain,very_wide,1
mountain_very_wide_r1.png,simple_resize,28.919832718460647,33.518845843359976,0.9886171920817374,1920,960,instagram_high_quality,1080,1080,mountain,very_wide,1
mountain_very_wide_r1.png,simple_resize,35.445927734375,32.635140131422816,0.9541194981557215,1920,960,instagram_low_quality,1080,1080,mountain,very_wide,1
mountain_very_wide_r1.png,simple_resize,33.045417390046296,32.9396911914023,0.9813743165496269,1920,960,instagram_square,1080,1080,mountain,very_wide,1
mountain_very_wide_r1.png,simple_resize,53.30071940104167,30.8634729011912,0.8916194983747396,1920,960,instagram_landscape,1080,1080,mountain,very_wide,1
mountain_very_wide_r1.png,padding_resize,37.60521520543981,32.37832282485908,0.8990370274304592,1920,960,preprocessing_only,1080,1080,mountain,very_wide,1
mountain_very_wide_r1.png,padding_resize,4874.129478804977,11.251832990508765,0.5799098869752564,1920,960,instagram_standard,1080,1080,mountain,very_wide,1
mountain_very_wide_r1.png,padding_resize,4872.035292787905,11.25369935223485,0.580699507100971,1920,960,instagram_high_quality,1080,1080,mountain,very_wide,1
mountain_very_wide_r1.png,padding_resize,4870.059742115162,11.255460720327811,0.5694831029554807,1920,960,instagram_low_quality,1080,1080,mountain,very_wide,1
mountain_very_wide_r1.png,padding_resize,4874.129478804977,11.251832990508765,0.5799098869752564,1920,960,instagram_square,1080,1080,mountain,very_wide,1
mountain_very_wide_r1.png,padding_resize,4855.099293619792,11.268822445991285,0.597548576598117,1920,960,instagram_landscape,1080,1080,mountain,very_wide,1
mountain_very_wide_r2.png,simple_resize,4.424262152777778,41.67239508364286,0.9912261830456671,1920,960,preprocessing_only,1080,1080,mountain,very_wide,2
mountain_very_wide_r2.png,simple_resize,28.070341977719906,33.648326572419506,0.982812162281359,1920,960,instagram_standard,1080,1080,mountain,very_wide,2
mountain_very_wide_r2.png,simple_resize,23.173501880787036,34.48088693388495,0.9869659435373289,1920,960,instagram_high_quality,1080,1080,mountain,very_wide,2
mountain_very_wide_r2.png,simple_resize,30.82151909722222,33.24226320927993,0.9523231793532001,1920,960,instagram_low_quality,1080,1080,mountain,very_wide,2
mountain_very_wide_r2.png,simple_resize,28.070341977719906,33.648326572419506,0.982812162281359,1920,960,instagram_square,1080,1080,mountain,very_wide,2
mountain_very_wide_r2.png,simple_resize,49.55910771122685,31.17956882364428,0.8980085038217047,1920,960,instagram_landscape,1080,1080,mountain,very_wide,2
mountain_very_wide_r2.png,padding_resize,32.57379756221065,33.00211967848911,0.9088100545785686,1920,960,preprocessing_only,1080,1080,mountain,very_wide,2
mountain_very_wide_r2.png,padding_resize,7745.482019675926,9.240319107582927,0.5608216511177856,1920,960,instagram_standard,1080,1080,mountain,very_wide,2
mountain_very_wide_r2.png,padding_resize,7745.111966869213,9.240526603682996,0.5603383060655749,1920,960,instagram_high_quality,1080,1080,mountain,very_wide,2
mountain_very_wide_r2.png,padding_resize,7744.455582320602,9.240894676176607,0.5504122328515609,1920,960,instagram_low_quality,1080,1080,mountain,very_wide,2
mountain_very_wide_r2.png,padding_resize,7745.482019675926,9.240319107582927,0.5608216511177856,1920,960,instagram_square,1080,1080,mountain,very_wide,2
mountain_very_wide_r2.png,padding_resize,7726.556347475405,9.250943847397254,0.569170032652082,1920,960,instagram_landscape,1080,1080,mountain,very_wide,2
mountain_very_wide_r3.png,simple_resize,4.980617947048611,41.15797131693697,0.9903449825526442,1920,960,preprocessing_only,1080,1080,mountain,very_wide,3
mountain_very_wide_r3.png,simple_resize,28.92292950665509,33.51838081784113,0.9823939714929061,1920,960,instagram_standard,1080,1080,mountain,very_wide,3
mountain_very_wide_r3.png,simple_resize,24.58731391059028,34.223692748915944,0.9846066593243206,1920,960,instagram_high_quality,1080,1080,mountain,very_wide,3
mountain_very_wide_r3.png,simple_resize,30.542985206886573,33.28168879047327,0.9569918654237893,1920,960,instagram_low_quality,1080,1080,mountain,very_wide,3
mountain_very_wide_r3.png,simple_resize,28.92292950665509,33.51838081784113,0.9823939714929061,1920,960,instagram_square,1080,1080,mountain,very_wide,3
mountain_very_wide_r3.png,simple_resize,51.57872269241898,31.006097779031915,0.8994300976297586,1920,960,instagram_landscape,1080,1080,mountain,very_wide,3
mountain_very_wide_r3.png,padding_resize,31.504671223958333,33.1470540909787,0.9140594016354028,1920,960,preprocessing_only,1080,1080,mountain,very_wide,3
mountain_very_wide_r3.png,padding_resize,6970.262404152199,9.698312329090392,0.6275356236778995,1920,960,instagram_standard,1080,1080,mountain,very_wide,3
mountain_very_wide_r3.png,padding_resize,7028.6845348668985,9.662063093482766,0.6276135618889557,1920,960,instagram_high_quality,1080,1080,mountain,very_wide,3
mountain_very_wide_r3.png,padding_resize,6951.69112178096,9.70989893613465,0.6190005677810259,1920,960,instagram_low_quality,1080,1080,mountain,very_wide,3
mountain_very_wide_r3.png,padding_resize,6970.262404152199,9.698312329090392,0.6275356236778995,1920,960,instagram_square,1080,1080,mountain,very_wide,3
mountain_very_wide_r3.png,padding_resize,6954.2521875,9.708299250737682,0.6350325994755837,1920,960,instagram_landscape,1080,1080,mountain,very_wide,3
mountain_wide_r1.png,simple_resize,0.4085298782578875,52.01856536258931,0.9997532471958213,1440,1080,preprocessing_only,1080,1080,mountain,wide,1
mountain_wide_r1.png,simple_resize,36.57017425411522,32.49953331144567,0.9840020266680802,1440,1080,instagram_standard,1080,1080,mountain,wide,1
mountain_wide_r1.png,simple_resize,31.940166323731138,33.087431875347455,0.9915337247628631,1440,1080,instagram_high_quality,1080,1080,mountain,wide,1
mountain_wide_r1.png,simple_resize,39.21489990569273,32.1962925003795,0.9602330233864219,1440,1080,instagram_low_quality,1080,1080,mountain,wide,1
mountain_wide_r1.png,simple_resize,36.57017425411522,32.49953331144567,0.9840020266680802,1440,1080,instagram_square,1080,1080,mountain,wide,1
mountain_wide_r1.png,simple_resize,58.74450381515775,30.44113120977892,0.8705476058580617,1440,1080,instagram_landscape,1080,1080,mountain,wide,1
mountain_wide_r1.png,padding_resize,21.232237225651577,34.860846029918655,0.9377955166782042,1440,1080,preprocessing_only,1080,1080,mountain,wide,1
mountain_wide_r1.png,padding_resize,3171.374464377572,13.118328358981472,0.6249935904651645,1440,1080,instagram_standard,1080,1080,mountain,wide,1
mountain_wide_r1.png,padding_resize,3172.3745751886145,13.116959002761934,0.6295166938591082,1440,1080,instagram_high_quality,1080,1080,mountain,wide,1
mountain_wide_r1.png,padding_resize,3164.650671724966,13.12754583233399,0.6203581355397124,1440,1080,instagram_low_quality,1080,1080,mountain,wide,1
mountain_wide_r1.png,padding_resize,3171.374464377572,13.118328358981472,0.6249935904651645,1440,1080,instagram_square,1080,1080,mountain,wide,1
mountain_wide_r1.png,padding_resize,3146.438650548697,13.152610926019548,0.6548717033324254,1440,1080,instagram_landscape,1080,1080,mountain,wide,1
mountain_wide_r2.png,simple_resize,0.21173225308641974,54.87293341910679,0.9998122871116846,1440,1080,preprocessing_only,1080,1080,mountain,wide,2
mountain_wide_r2.png,simple_resize,32.92801718964335,32.95514781067723,0.9847723077612845,1440,1080,instagram_standard,1080,1080,mountain,wide,2
mountain_wide_r2.png,simple_resize,27.187346750685872,33.787135345882895,0.9922149118728166,1440,1080,instagram_high_quality,1080,1080,mountain,wide,2
mountain_wide_r2.png,simple_resize,36.35002914951989,32.52575597406813,0.9564222567921967,1440,1080,instagram_low_quality,1080,1080,mountain,wide,2
mountain_wide_r2.png,simple_resize,32.92801718964335,32.95514781067723,0.9847723077612845,1440,1080,instagram_square,1080,1080,mountain,wide,2
mountain_wide_r2.png,simple_resize,56.03097629458162,30.646521711032587,0.8858024027252114,1440,1080,instagram_landscape,1080,1080,mountain,wide,2
mountain_wide_r2.png,padding_resize,19.22387495713306,35.292394279578204,0.9472645268854705,1440,1080,preprocessing_only,1080,1080,mountain,wide,2
mountain_wide_r2.png,padding_resize,3789.4129863254457,12.345084217559402,0.6104149741996534,1440,1080,instagram_standard,1080,1080,mountain,wide,2
mountain_wide_r2.png,padding_resize,3786.23704582476,12.348725604131516,0.6168538093983129,1440,1080,instagram_high_quality,1080,1080,mountain,wide,2
mountain_wide_r2.png,padding_resize,3788.135733453361,12.346548289649487,0.5935891951424015,1440,1080,instagram_low_quality,1080,1080,mountain,wide,2
mountain_wide_r2.png,padding_resize,3789.4129863254457,12.345084217559402,0.6104149741996534,1440,1080,instagram_square,1080,1080,mountain,wide,2
mountain_wide_r2.png,padding_resize,3753.463567386831,12.386481560803588,0.6474993829037163,1440,1080,instagram_landscape,1080,1080,mountain,wide,2
mountain_wide_r3.png,simple_resize,0.8830403377914952,48.67099818015002,0.9995771059469638,1440,1080,preprocessing_only,1080,1080,mountain,wide,3
mountain_wide_r3.png,simple_resize,35.12699631344307,32.67439345726277,0.9814553250200222,1440,1080,instagram_standard,1080,1080,mountain,wide,3
mountain_wide_r3.png,simple_resize,30.282015817901236,33.318955788955044,0.9924862464336186,1440,1080,instagram_high_quality,1080,1080,mountain,wide,3
mountain_wide_r3.png,simple_resize,37.208865955075446,32.4243392699145,0.9576866309015508,1440,1080,instagram_low_quality,1080,1080,mountain,wide,3
mountain_wide_r3.png,simple_resize,35.12699631344307,32.67439345726277,0.9814553250200222,1440,1080,instagram_square,1080,1080,mountain,wide,3
mountain_wide_r3.png,simple_resize,60.668390132030176,30.301178900058147,0.8722841821869664,1440,1080,instagram_landscape,1080,1080,mountain,wide,3
mountain_wide_r3.png,padding_resize,22.804779235253772,34.55054488517007,0.9395627754655661,1440,1080,preprocessing_only,1080,1080,mountain,wide,3
mountain_wide_r3.png,padding_resize,2713.9297190072016,13.79481764059507,0.6843707260805372,1440,1080,instagram_standard,1080,1080,mountain,wide,3
mountain_wide_r3.png,padding_resize,2708.630171682099,13.803306490655,0.6867199954343428,1440,1080,instagram_high_quality,1080,1080,mountain,wide,3
mountain_wide_r3.png,padding_resize,2712.1792091049383,13.797619784184578,0.6706085586531567,1440,1080,instagram_low_quality,1080,1080,mountain,wide,3
mountain_wide_r3.png,padding_resize,2713.9297190072016,13.79481764059507,0.6843707260805372,1440,1080,instagram_square,1080,1080,mountain,wide,3
mountain_wide_r3.png,padding_resize,2684.2907330246912,13.84250808793337,0.7079813474749507,1440,1080,instagram_landscape,1080,1080,mountain,wide,3
nebula_portrait_r1.png,simple_resize,0.0004458161865569273,81.6392452820701,0.9999971015034862,810,1080,preprocessing_only,1080,1080,nebula,portrait,1
nebula_portrait_r1.png,simple_resize,1.1896391556165218,47.37665110811026,0.9958987800505161,810,1080,instagram_standard,1080,1080,nebula,portrait,1
nebula_portrait_r1.png,simple_resize,0.7344067215363511,49.47143717847943,0.9966011153658418,810,1080,instagram_high_quality,1080,1080,nebula,portrait,1
nebula_portrait_r1.png,simple_resize,1.492949245541838,46.390353172123994,0.9953123085814687,810,1080,instagram_low_quality,1080,1080,nebula,portrait,1
nebula_portrait_r1.png,simple_resize,1.1896391556165218,47.37665110811026,0.9958987800505161,810,1080,instagram_square,1080,1080,nebula,portrait,1
nebula_portrait_r1.png,simple_resize,1.4731889193720469,46.44821917229749,0.9960239183391713,810,1080,instagram_landscape,1080,1080,nebula,portrait,1
nebula_portrait_r1.png,padding_resize,0.0,inf,1.0,810,1080,preprocessing_only,1080,1080,nebula,portrait,1
nebula_portrait_r1.png,padding_resize,716.0856858710563,19.581153683443222,0.9729854086302727,810,1080,instagram_standard,1080,1080,nebula,portrait,1
nebula_portrait_r1.png,padding_resize,706.6824279835391,19.63856068371164,0.9738150972777698,810,1080,instagram_high_quality,1080,1080,nebula,portrait,1
nebula_portrait_r1.png,padding_resize,706.4030460295687,19.640277976044835,0.9729240511786157,810,1080,instagram_low_quality,1080,1080,nebula,portrait,1
nebula_portrait_r1.png,padding_resize,716.0856858710563,19.581153683443222,0.9729854086302727,810,1080,instagram_square,1080,1080,nebula,portrait,1
nebula_portrait_r1.png,padding_resize,714.2841567596403,19.59209343542152,0.9732253996323854,810,1080,instagram_landscape,1080,1080,nebula,portrait,1
nebula_portrait_r2.png,simple_resize,0.0006073769242493523,80.29622072893078,0.999994744061418,810,1080,preprocessing_only,1080,1080,nebula,portrait,2
nebula_portrait_r2.png,simple_resize,1.2424698978814206,47.187944852672544,0.9957341601689975,810,1080,instagram_standard,1080,1080,nebula,portrait,2
nebula_portrait_r2.png,simple_resize,0.7770579942082,49.22626928135586,0.9964309805614209,810,1080,instagram_high_quality,1080,1080,nebula,portrait,2
nebula_portrait_r2.png,simple_resize,1.5626996646852613,46.19204841903851,0.9951210193811733,810,1080,instagram_low_quality,1080,1080,nebula,portrait,2
nebula_portrait_r2.png,simple_resize,1.2424698978814206,47.187944852672544,0.9957341601689975,810,1080,instagram_square,1080,1080,nebula,portrait,2
nebula_portrait_r2.png,simple_resize,1.544087791495199,46.24408371682955,0.9956945902743158,810,1080,instagram_landscape,1080,1080,nebula,portrait,2
nebula_portrait_r2.png,padding_resize,0.0,inf,1.0,810,1080,preprocessing_only,1080,1080,nebula,portrait,2
nebula_portrait_r2.png,padding_resize,307.07819501600363,23.258313816779655,0.9790576554245538,810,1080,instagram_standard,1080,1080,nebula,portrait,2
nebula_portrait_r2.png,padding_resize,304.20013869836913,23.29920953136721,0.9795375633608275,810,1080,instagram_high_quality,1080,1080,nebula,portrait,2
nebula_portrait_r2.png,padding_resize,304.521018137479,23.294630877213187,0.9787472775423903,810,1080,instagram_low_quality,1080,1080,nebula,portrait,2
nebula_portrait_r2.png,padding_resize,307.07819501600363,23.258313816779655,0.9790576554245538,810,1080,instagram_square,1080,1080,nebula,portrait,2
nebula_portrait_r2.png,padding_resize,306.63829561042525,23.26453968556667,0.9792672003502055,810,1080,instagram_landscape,1080,1080,nebula,portrait,2
nebula_portrait_r3.png,simple_resize,0.0005795610425240055,80.49981175900173,0.9999972830465865,810,1080,preprocessing_only,1080,1080,nebula,portrait,3
nebula_portrait_r3.png,simple_resize,1.215670629477214,47.28264436569968,0.995956249773343,810,1080,instagram_standard,1080,1080,nebula,portrait,3
nebula_portrait_r3.png,simple_resize,0.7506359548849261,49.376509979209544,0.9966167436485138,810,1080,instagram_high_quality,1080,1080,nebula,portrait,3
nebula_portrait_r3.png,simple_resize,1.545100594421582,46.24123601262382,0.9954133906241945,810,1080,instagram_low_quality,1080,1080,nebula,portrait,3
nebula_portrait_r3.png,simple_resize,1.215670629477214,47.28264436569968,0.995956249773343,810,1080,instagram_square,1080,1080,nebula,portrait,3
nebula_portrait_r3.png,simple_resize,1.4644467306812985,46.47406782045187,0.9961696918054919,810,1080,instagram_landscape,1080,1080,nebula,portrait,3
nebula_portrait_r3.png,padding_resize,0.0,inf,1.0,810,1080,preprocessing_only,1080,1080,nebula,portrait,3
nebula_portrait_r3.png,padding_resize,424.4131508154245,21.8529152843294,0.9818421640372977,810,1080,instagram_standard,1080,1080,nebula,portrait,3
nebula_portrait_r3.png,padding_resize,423.95252934003963,21.857631302182142,0.9821783116576409,810,1080,instagram_high_quality,1080,1080,nebula,portrait,3
nebula_portrait_r3.png,padding_resize,424.24500495351316,21.85463623216787,0.9814818502483508,810,1080,instagram_low_quality,1080,1080,nebula,portrait,3
nebula_portrait_r3.png,padding_resize,424.4131508154245,21.8529152843294,0.9818421640372977,810,1080,instagram_square,1080,1080,nebula,portrait,3
nebula_portrait_r3.png,padding_resize,422.88572778539856,21.86857332728909,0.9823331210549845,810,1080,instagram_landscape,1080,1080,nebula,portrait,3
nebula_square_r1.png,simple_resize,0.0,inf,1.0,1080,1080,preprocessing_only,1080,1080,nebula,square,1
nebula_square_r1.png,simple_resize,1.237249657064472,47.206230187605726,0.9962003804888057,1080,1080,instagram_standard,1080,1080,nebula,square,1
nebula_square_r1.png,simple_resize,0.7745953360768175,49.240054831445185,0.9968024152245534,1080,1080,instagram_high_quality,1080,1080,nebula,square,1
nebula_square_r1.png,simple_resize,1.548029263831733,46.23301194572384,0.9956955619768637,1080,1080,instagram_low_quality,1080,1080,nebula,square,1
nebula_square_r1.png,simple_resize,1.237249657064472,47.206230187605726,0.9962003804888057,1080,1080,instagram_square,1080,1080,nebula,square,1
nebula_square_r1.png,simple_resize,1.5976380315500687,46.09601970562763,0.9961902167474008,1080,1080,instagram_landscape,1080,1080,nebula,square,1
nebula_square_r1.png,padding_resize,0.0,inf,1.0,1080,1080,preprocessing_only,1080,1080,nebula,square,1
nebula_square_r1.png,padding_resize,1.237249657064472,47.206230187605726,0.9962003804888057,1080,1080,instagram_standard,1080,1080,nebula,square,1
nebula_square_r1.png,padding_resize,0.7745953360768175,49.240054831445185,0.9968024152245534,1080,1080,instagram_high_quality,1080,1080,nebula,square,1
nebula_square_r1.png,padding_resize,1.548029263831733,46.23301194572384,0.9956955619768637,1080,1080,instagram_low_quality,1080,1080,nebula,square,1
nebula_square_r1.png,padding_resize,1.237249657064472,47.206230187605726,0.9962003804888057,1080,1080,instagram_square,1080,1080,nebula,square,1
nebula_square_r1.png,padding_resize,1.5976380315500687,46.09601970562763,0.9961902167474008,1080,1080,instagram_landscape,1080,1080,nebula,square,1
nebula_square_r2.png,simple_resize,0.0,inf,1.0,1080,1080,preprocessing_only,1080,1080,nebula,square,2
nebula_square_r2.png,simple_resize,1.2529532464563329,47.1514549512903,0.9961308240265491,1080,1080,instagram_standard,1080,1080,nebula,square,2
nebula_square_r2.png,simple_resize,0.7882321673525378,49.164262066404774,0.9967325316578142,1080,1080,instagram_high_quality,1080,1080,nebula,square,2
nebula_square_r2.png,simple_resize,1.579301554641061,46.14615297982728,0.995678510545924,1080,1080,instagram_low_quality,1080,1080,nebula,square,2
nebula_square_r2.png,simple_resize,1.2529532464563329,47.1514549512903,0.9961308240265491,1080,1080,instagram_square,1080,1080,nebula,square,2
nebula_square_r2.png,simple_resize,1.5782944673068129,46.14892326762755,0.9961147882332636,1080,1080,instagram_landscape,1080,1080,nebula,square,2
nebula_square_r2.png,padding_resize,0.0,inf,1.0,1080,1080,preprocessing_only,1080,1080,nebula,square,2
nebula_square_r2.png,padding_resize,1.2529532464563329,47.1514549512903,0.9961308240265491,1080,1080,instagram_standard,1080,1080,nebula,square,2
nebula_square_r2.png,padding_resize,0.7882321673525378,49.164262066404774,0.9967325316578142,1080,1080,instagram_high_quality,1080,1080,nebula,square,2
nebula_square_r2.png,padding_resize,1.579301554641061,46.14615297982728,0.995678510545924,1080,1080,instagram_low_quality,1080,1080,nebula,square,2
nebula_square_r2.png,padding_resize,1.2529532464563329,47.1514549512903,0.9961308240265491,1080,1080,instagram_square,1080,1080,nebula,square,2
nebula_square_r2.png,padding_resize,1.5782944673068129,46.14892326762755,0.9961147882332636,1080,1080,instagram_landscape,1080,1080,nebula,square,2
nebula_square_r3.png,simple_resize,0.0,inf,1.0,1080,1080,preprocessing_only,1080,1080,nebula,square,3
nebula_square_r3.png,simple_resize,1.256721536351166,47.138413032483726,0.9963565350824845,1080,1080,instagram_standard,1080,1080,nebula,square,3
nebula_square_r3.png,simple_resize,0.7823528235025149,49.196777066014754,0.9968563503287745,1080,1080,instagram_high_quality,1080,1080,nebula,square,3
nebula_square_r3.png,simple_resize,1.6070296067672611,46.07056482899087,0.9959301626467741,1080,1080,instagram_low_quality,1080,1080,nebula,square,3
nebula_square_r3.png,simple_resize,1.256721536351166,47.138413032483726,0.9963565350824845,1080,1080,instagram_square,1080,1080,nebula,square,3
nebula_square_r3.png,simple_resize,1.5882178783721994,46.1217028035614,0.9963977597741847,1080,1080,instagram_landscape,1080,1080,nebula,square,3
nebula_square_r3.png,padding_resize,0.0,inf,1.0,1080,1080,preprocessing_only,1080,1080,nebula,square,3
nebula_square_r3.png,padding_resize,1.256721536351166,47.138413032483726,0.9963565350824845,1080,1080,instagram_standard,1080,1080,nebula,square,3
nebula_square_r3.png,padding_resize,0.7823528235025149,49.196777066014754,0.9968563503287745,1080,1080,instagram_high_quality,1080,1080,nebula,square,3
nebula_square_r3.png,padding_resize,1.6070296067672611,46.07056482899087,0.9959301626467741,1080,1080,instagram_low_quality,1080,1080,nebula,square,3
nebula_square_r3.png,padding_resize,1.256721536351166,47.138413032483726,0.9963565350824845,1080,1080,instagram_square,1080,1080,nebula,square,3
nebula_square_r3.png,padding_resize,1.5882178783721994,46.1217028035614,0.9963977597741847,1080,1080,instagram_landscape,1080,1080,nebula,square,3
nebula_very_tall_r1.png,simple_resize,0.0024919981710105166,74.16532641628905,0.9999908431559377,540,1080,preprocessing_only,1080,1080,nebula,very_tall,1
nebula_very_tall_r1.png,simple_resize,1.2272039323273891,47.24163622651736,0.9953104068134466,540,1080,instagram_standard,1080,1080,nebula,very_tall,1
nebula_very_tall_r1.png,simple_resize,0.741862711476909,49.42756818344435,0.9966124747957898,540,1080,instagram_high_quality,1080,1080,nebula,very_tall,1
nebula_very_tall_r1.png,simple_resize,1.5255075445816186,46.29666001028414,0.9948294184674382,540,1080,instagram_low_quality,1080,1080,nebula,very_tall,1
nebula_very_tall_r1.png,simple_resize,1.2272039323273891,47.24163622651736,0.9953104068134466,540,1080,instagram_square,1080,1080,nebula,very_tall,1
nebula_very_tall_r1.png,simple_resize,1.467229652491998,46.46582265426699,0.9954892793901691,540,1080,instagram_landscape,1080,1080,nebula,very_tall,1
nebula_very_tall_r1.png,padding_resize,0.0,inf,1.0,540,1080,preprocessing_only,1080,1080,nebula,very_tall,1
nebula_very_tall_r1.png,padding_resize,994.0286842706904,18.156814440352477,0.9597804001996753,540,1080,instagram_standard,1080,1080,nebula,very_tall,1
nebula_very_tall_r1.png,padding_resize,994.0519678783722,18.15671271467727,0.9605263870242013,540,1080,instagram_high_quality,1080,1080,nebula,very_tall,1
nebula_very_tall_r1.png,padding_resize,1009.6818438500229,18.08895814043318,0.9589123175017403,540,1080,instagram_low_quality,1080,1080,nebula,very_tall,1
nebula_very_tall_r1.png,padding_resize,994.0286842706904,18.156814440352477,0.9597804001996753,540,1080,instagram_square,1080,1080,nebula,very_tall,1
nebula_very_tall_r1.png,padding_resize,993.6790340649292,18.15834234262024,0.9598850509161151,540,1080,instagram_landscape,1080,1080,nebula,very_tall,1
nebula_very_tall_r2.png,simple_resize,0.002253657978966621,74.60192353824267,0.9999889472354873,540,1080,preprocessing_only,1080,1080,nebula,very_tall,2
nebula_very_tall_r2.png,simple_resize,1.216986739826246,47.277945146441425,0.995308897271134,540,1080,instagram_standard,1080,1080,nebula,very_tall,2
nebula_very_tall_r2.png,simple_resize,0.7255064014631916,49.52439112105354,0.996736826535618,540,1080,instagram_high_quality,1080,1080,nebula,very_tall,2
nebula_very_tall_r2.png,simple_resize,1.4997650891632373,46.3705712079193,0.9948777505680334,540,1080,instagram_low_quality,1080,1080,nebula,very_tall,2
nebula_very_tall_r2.png,simple_resize,1.216986739826246,47.277945146441425,0.995308897271134,540,1080,instagram_square,1080,1080,nebula,very_tall,2
nebula_very_tall_r2.png,simple_resize,1.4770193187014176,46.43694185156127,0.9955696544583743,540,1080,instagram_landscape,1080,1080,nebula,very_tall,2
nebula_very_tall_r2.png,padding_resize,0.0,inf,1.0,540,1080,preprocessing_only,1080,1080,nebula,very_tall,2
nebula_very_tall_r2.png,padding_resize,753.1227406264289,19.36214599497524,0.9655867435904882,540,1080,instagram_standard,1080,1080,nebula,very_tall,2
nebula_very_tall_r2.png,padding_resize,752.9188980338363,19.363321629319042,0.966401621934229,540,1080,instagram_high_quality,1080,1080,nebula,very_tall,2
nebula_very_tall_r2.png,padding_resize,748.5639368998628,19.388514603212105,0.9655240530672357,540,1080,instagram_low_quality,1080,1080,nebula,very_tall,2
nebula_very_tall_r2.png,padding_resize,753.1227406264289,19.36214599497524,0.9655867435904882,540,1080,instagram_square,1080,1080,nebula,very_tall,2
nebula_very_tall_r2.png,padding_resize,751.9723976909007,19.368784614338978,0.9657249242671063,540,1080,instagram_landscape,1080,1080,nebula,very_tall,2
nebula_very_tall_r3.png,simple_resize,0.002955532693187014,73.42444593125421,0.9999889179410336,540,1080,preprocessing_only,1080,1080,nebula,very_tall,3
nebula_very_tall_r3.png,simple_resize,1.2018478509373571,47.33230869641063,0.9953196646163452,540,1080,instagram_standard,1080,1080,nebula,very_tall,3
nebula_very_tall_r3.png,simple_resize,0.721084247828075,49.55094352418436,0.9967408442103732,540,1080,instagram_high_quality,1080,1080,nebula,very_tall,3
nebula_very_tall_r3.png,simple_resize,1.4962751486053956,46.380688979989635,0.9949548812424933,540,1080,instagram_low_quality,1080,1080,nebula,very_tall,3
nebula_very_tall_r3.png,simple_resize,1.2018478509373571,47.33230869641063,0.9953196646163452,540,1080,instagram_square,1080,1080,nebula,very_tall,3
nebula_very_tall_r3.png,simple_resize,1.3987557155921353,46.673384867148435,0.9957493810436799,540,1080,instagram_landscape,1080,1080,nebula,very_tall,3
nebula_very_tall_r3.png,padding_resize,0.0,inf,1.0,540,1080,preprocessing_only,1080,1080,nebula,very_tall,3
nebula_very_tall_r3.png,padding_resize,765.3620936213991,19.29213411914263,0.9706871489612221,540,1080,instagram_standard,1080,1080,nebula,very_tall,3
nebula_very_tall_r3.png,padding_resize,765.4301657521719,19.291747870118908,0.9714087192528413,540,1080,instagram_high_quality,1080,1080,nebula,very_tall,3
nebula_very_tall_r3.png,padding_resize,764.9743021262003,19.294335147760478,0.9706659178288166,540,1080,instagram_low_quality,1080,1080,nebula,very_tall,3
nebula_very_tall_r3.png,padding_resize,765.3620936213991,19.29213411914263,0.9706871489612221,540,1080,instagram_square,1080,1080,nebula,very_tall,3
nebula_very_tall_r3.png,padding_resize,765.1652737768633,19.29325109064805,0.970892201216668,540,1080,instagram_landscape,1080,1080,nebula,very_tall,3
nebula_very_wide_r1.png,simple_resize,0.0698927589699074,59.6864817657155,0.9995241672872959,1920,960,preprocessing_only,1080,1080,nebula,very_wide,1
nebula_very_wide_r1.png,simple_resize,1.2366901765046296,47.208194498303314,0.9967208583838052,1920,960,instagram_standard,1080,1080,nebula,very_wide,1
nebula_very_wide_r1.png,simple_resize,0.7548763020833333,49.3520456913795,0.9971207996697742,1920,960,instagram_high_quality,1080,1080,nebula,very_wide,1
nebula_very_wide_r1.png,simple_resize,1.5421138961226852,46.249639102198365,0.9964857104089994,1920,960,instagram_low_quality,1080,1080,nebula,very_wide,1
nebula_very_wide_r1.png,simple_resize,1.2366901765046296,47.208194498303314,0.9967208583838052,1920,960,instagram_square,1080,1080,nebula,very_wide,1
nebula_very_wide_r1.png,simple_resize,1.584493995949074,46.13189762990771,0.9967629531207843,1920,960,instagram_landscape,1080,1080,nebula,very_wide,1
nebula_very_wide_r1.png,padding_resize,0.1416015625,56.62012315272747,0.9991259601689378,1920,960,preprocessing_only,1080,1080,nebula,very_wide,1
nebula_very_wide_r1.png,padding_resize,647.2285423900463,20.020226997155337,0.9817102431671572,1920,960,instagram_standard,1080,1080,nebula,very_wide,1
nebula_very_wide_r1.png,padding_resize,647.0886697048611,20.02116565322842,0.9819059098071872,1920,960,instagram_high_quality,1080,1080,nebula,very_wide,1
nebula_very_wide_r1.png,padding_resize,646.9656949869792,20.021991078233853,0.9816029573211673,1920,960,instagram_low_quality,1080,1080,nebula,very_wide,1
nebula_very_wide_r1.png,padding_resize,647.2285423900463,20.020226997155337,0.9817102431671572,1920,960,instagram_square,1080,1080,nebula,very_wide,1
nebula_very_wide_r1.png,padding_resize,646.6102806712963,20.024377555454812,0.9818416997284548,1920,960,instagram_landscape,1080,1080,nebula,very_wide,1
nebula_very_wide_r2.png,simple_resize,0.07484682436342592,59.3890698225027,0.9995209171655336,1920,960,preprocessing_only,1080,1080,nebula,very_wide,2
nebula_very_wide_r2.png,simple_resize,1.2328294994212963,47.221773431372604,0.9966630386525721,1920,960,instagram_standard,1080,1080,nebula,very_wide,2
nebula_very_wide_r2.png,simple_resize,0.764740306712963,49.29566379974517,0.9971032756185598,1920,960,instagram_high_quality,1080,1080,nebula,very_wide,2
nebula_very_wide_r2.png,simple_resize,1.5477056206597222,46.233920010848706,0.9963660164386235,1920,960,instagram_low_quality,1080,1080,nebula,very_wide,2
nebula_very_wide_r2.png,simple_resize,1.2328294994212963,47.221773431372604,0.9966630386525721,1920,960,instagram_square,1080,1080,nebula,very_wide,2
nebula_very_wide_r2.png,simple_resize,1.6134183304398149,46.05333374107228,0.9967520977476348,1920,960,instagram_landscape,1080,1080,nebula,very_wide,2
nebula_very_wide_r2.png,padding_resize,0.14386881510416666,56.55113694074493,0.9991560307170851,1920,960,preprocessing_only,1080,1080,nebula,very_wide,2
nebula_very_wide_r2.png,padding_resize,981.970109230324,18.20982092626686,0.9804483069957572,1920,960,instagram_standard,1080,1080,nebula,very_wide,2
nebula_very_wide_r2.png,padding_resize,981.8153625940394,18.210505375880473,0.9805834038398836,1920,960,instagram_high_quality,1080,1080,nebula,very_wide,2
nebula_very_wide_r2.png,padding_resize,984.0488491030093,18.20063703118164,0.9802368167377787,1920,960,instagram_low_quality,1080,1080,nebula,very_wide,2
nebula_very_wide_r2.png,padding_resize,981.970109230324,18.20982092626686,0.9804483069957572,1920,960,instagram_square,1080,1080,nebula,very_wide,2
nebula_very_wide_r2.png,padding_resize,980.471800853588,18.216452533381435,0.980628854889658,1920,960,instagram_landscape,1080,1080,nebula,very_wide,2
nebula_very_wide_r3.png,simple_resize,0.07367277922453704,59.457733074225054,0.9995295684581551,1920,960,preprocessing_only,1080,1080,nebula,very_wide,3
nebula_very_wide_r3.png,simple_resize,1.2460828993055555,47.175334248743454,0.9965271634768631,1920,960,instagram_standard,1080,1080,nebula,very_wide,3
nebula_very_wide_r3.png,simple_resize,0.760977466724537,49.31708563784695,0.9970454824544561,1920,960,instagram_high_quality,1080,1080,nebula,very_wide,3
nebula_very_wide_r3.png,simple_resize,1.546446216724537,46.2374554043167,0.9962295181407003,1920,960,instagram_low_quality,1080,1080,nebula,very_wide,3
nebula_very_wide_r3.png,simple_resize,1.2460828993055555,47.175334248743454,0.9965271634768631,1920,960,instagram_square,1080,1080,nebula,very_wide,3
nebula_very_wide_r3.png,simple_resize,1.5932246455439816,46.108033449904184,0.9966381320560692,1920,960,instagram_landscape,1080,1080,nebula,very_wide,3
nebula_very_wide_r3.png,padding_resize,0.14610767505787037,56.48407330780758,0.9990889138741547,1920,960,preprocessing_only,1080,1080,nebula,very_wide,3
nebula_very_wide_r3.png,padding_resize,951.4808756510416,18.3468029728606,0.976267336381059,1920,960,instagram_standard,1080,1080,nebula,very_wide,3
nebula_very_wide_r3.png,padding_resize,951.4909255642361,18.346757101220874,0.9764360918301199,1920,960,instagram_high_quality,1080,1080,nebula,very_wide,3
nebula_very_wide_r3.png,padding_resize,951.8049189814815,18.34532415941005,0.976131923292266,1920,960,instagram_low_quality,1080,1080,nebula,very_wide,3
nebula_very_wide_r3.png,padding_resize,951.4808756510416,18.3468029728606,0.976267336381059,1920,960,instagram_square,1080,1080,nebula,very_wide,3
nebula_very_wide_r3.png,padding_resize,949.7851871744791,18.35454968814741,0.976414063011231,1920,960,instagram_landscape,1080,1080,nebula,very_wide,3
nebula_wide_r1.png,simple_resize,0.041919581618655694,61.90663421377352,0.9997492708142219,1440,1080,preprocessing_only,1080,1080,nebula,wide,1
nebula_wide_r1.png,simple_resize,1.2318173439643347,47.225340462127356,0.9967212847707198,1440,1080,instagram_standard,1080,1080,nebula,wide,1
nebula_wide_r1.png,simple_resize,0.7651530349794239,49.293320556486144,0.9971122199040751,1440,1080,instagram_high_quality,1080,1080,nebula,wide,1
nebula_wide_r1.png,simple_resize,1.5581149262688614,46.20480872869231,0.9964126632163148,1440,1080,instagram_low_quality,1080,1080,nebula,wide,1
nebula_wide_r1.png,simple_resize,1.2318173439643347,47.225340462127356,0.9967212847707198,1440,1080,instagram_square,1080,1080,nebula,wide,1
nebula_wide_r1.png,simple_resize,1.5700587277091906,46.1716446346312,0.9968110411514555,1440,1080,instagram_landscape,1080,1080,nebula,wide,1
nebula_wide_r1.png,padding_resize,0.087488640260631,58.7112869404442,0.999479096580852,1440,1080,preprocessing_only,1080,1080,nebula,wide,1
nebula_wide_r1.png,padding_resize,529.6639510459534,20.890799450298736,0.9865324355607398,1440,1080,instagram_standard,1080,1080,nebula,wide,1
nebula_wide_r1.png,padding_resize,521.164159164952,20.961058195451304,0.9867925089145263,1440,1080,instagram_high_quality,1080,1080,nebula,wide,1
nebula_wide_r1.png,padding_resize,521.4220567558299,20.958909624883454,0.9865045053346766,1440,1080,instagram_low_quality,1080,1080,nebula,wide,1
nebula_wide_r1.png,padding_resize,529.6639510459534,20.890799450298736,0.9865324355607398,1440,1080,instagram_square,1080,1080,nebula,wide,1
nebula_wide_r1.png,padding_resize,528.8204494598765,20.897721199200838,0.9872176614445146,1440,1080,instagram_landscape,1080,1080,nebula,wide,1
nebula_wide_r2.png,simple_resize,0.04632887517146776,61.47228604864083,0.9997055594957771,1440,1080,preprocessing_only,1080,1080,nebula,wide,2
nebula_wide_r2.png,simple_resize,1.258045267489712,47.133840925191606,0.9965228467409973,1440,1080,instagram_standard,1080,1080,nebula,wide,2
nebula_wide_r2.png,simple_resize,0.774286908436214,49.241784445489444,0.9970176715188931,1440,1080,instagram_high_quality,1080,1080,nebula,wide,2
nebula_wide_r2.png,simple_resize,1.6124680641289437,46.05589238931099,0.9961435298691498,1440,1080,instagram_low_quality,1080,1080,nebula,wide,2
nebula_wide_r2.png,simple_resize,1.258045267489712,47.133840925191606,0.9965228467409973,1440,1080,instagram_square,1080,1080,nebula,wide,2
nebula_wide_r2.png,simple_resize,1.6065873628257887,46.07176014322071,0.9966291227273723,1440,1080,instagram_landscape,1080,1080,nebula,wide,2
nebula_wide_r2.png,padding_resize,0.08902713477366254,58.635579644884146,0.9994743298508924,1440,1080,preprocessing_only,1080,1080,nebula,wide,2
nebula_wide_r2.png,padding_resize,489.9476596793553,21.229306733425762,0.9831754475355055,1440,1080,instagram_standard,1080,1080,nebula,wide,2
nebula_wide_r2.png,padding_resize,487.4656858710562,21.251363110104876,0.9834796793482444,1440,1080,instagram_high_quality,1080,1080,nebula,wide,2
nebula_wide_r2.png,padding_resize,487.41846064814814,21.251783870947175,0.983034804824234,1440,1080,instagram_low_quality,1080,1080,nebula,wide,2
nebula_wide_r2.png,padding_resize,489.9476596793553,21.229306733425762,0.9831754475355055,1440,1080,instagram_square,1080,1080,nebula,wide,2
nebula_wide_r2.png,padding_resize,488.27862890089165,21.244126444755054,0.9837646533957957,1440,1080,instagram_landscape,1080,1080,nebula,wide,2
nebula_wide_r3.png,simple_resize,0.046461119684499314,61.45990689046827,0.9997123746443285,1440,1080,preprocessing_only,1080,1080,nebula,wide,3
nebula_wide_r3.png,simple_resize,1.2606974451303155,47.124694881538396,0.9964703708962844,1440,1080,instagram_standard,1080,1080,nebula,wide,3
nebula_wide_r3.png,simple_resize,0.7789399005486969,49.21576410084887,0.9969820558365386,1440,1080,instagram_high_quality,1080,1080,nebula,wide,3
nebula_wide_r3.png,simple_resize,1.5917830504115227,46.11196484922051,0.9961003646447392,1440,1080,instagram_low_quality,1080,1080,nebula,wide,3
nebula_wide_r3.png,simple_resize,1.2606974451303155,47.124694881538396,0.9964703708962844,1440,1080,instagram_square,1080,1080,nebula,wide,3
nebula_wide_r3.png,simple_resize,1.6479561042524005,45.96134721428448,0.9965160500113729,1440,1080,instagram_landscape,1080,1080,nebula,wide,3
nebula_wide_r3.png,padding_resize,0.089409079218107,58.61698738558407,0.9994397775226586,1440,1080,preprocessing_only,1080,1080,nebula,wide,3
nebula_wide_r3.png,padding_resize,308.30789801954734,23.24095710541751,0.9853603405552462,1440,1080,instagram_standard,1080,1080,nebula,wide,3
nebula_wide_r3.png,padding_resize,308.036320516118,23.24478433751394,0.9856945423715652,1440,1080,instagram_high_quality,1080,1080,nebula,wide,3
nebula_wide_r3.png,padding_resize,307.90753922325104,23.246600379829975,0.9852121998965878,1440,1080,instagram_low_quality,1080,1080,nebula,wide,3
nebula_wide_r3.png,padding_resize,308.30789801954734,23.24095710541751,0.9853603405552462,1440,1080,instagram_square,1080,1080,nebula,wide,3
nebula_wide_r3.png,padding_resize,307.2632047325103,23.255698049669085,0.9858356054079731,1440,1080,instagram_landscape,1080,1080,nebula,wide,3
